feature,gain,model,fold
px_ret_1,0.060013051938378865,ridge,0
rng_close_position,0.04867397750636806,ridge,0
cal_dow_cos,0.04757331918541142,ridge,0
px_ret_skew_63,0.04349971031269846,ridge,0
cal_is_weekend,0.036355410419702826,ridge,0
cal_moy_sin,0.03146204136172184,ridge,0
aux_splycur_chg_7,0.030766184933690443,ridge,0
xa_market_ret_lag1,0.026247389259070608,ridge,0
xa_ref_ret_lag2,0.022276794674416872,ridge,0
px_ret_skew_21,0.02218422283082668,ridge,0
cal_dom_cos,0.02174723000393599,ridge,0
xa_rel_strength_30,0.020931777073765718,ridge,0
xa_ref_ret_lag1,0.020095654787597242,ridge,0
px_ret_2,0.018126821098652452,ridge,0
xa_rank_ret_lag1,0.016798479454285514,ridge,0
px_ret_kurt_63,0.016650917334270925,ridge,0
rng_garman_klass_5,0.015742115114093593,ridge,0
px_ret_std_63,0.015566227311534243,ridge,0
aux_adractcnt_z63,0.015049054761255962,ridge,0
aux_fng_z_63,0.014205917963225864,ridge,0
vol_zscore_21,0.013273889391747744,ridge,0
vol_log1p_quote_volume,0.012760291508613653,ridge,0
vol_taker_buy_ratio_mean_7,0.011639441437393113,ridge,0
px_ret_std_5,0.01110581849104258,ridge,0
px_ret_mean_10,0.011007407483969228,ridge,0
px_ret_10,0.011007407483969214,ridge,0
aux_txcnt_z63,0.01092715171868793,ridge,0
xa_corr_ref_30,0.01084074362202064,ridge,0
px_cumret_7,0.010607124574154341,ridge,0
xa_corr_ref_90,0.010521879771477106,ridge,0
rng_atr_14_norm,0.010463348366825817,ridge,0
vol_log1p_volume,0.010180275457666893,ridge,0
px_dist_max_21,0.009907385371866207,ridge,0
xa_ref_ret_mean_5,0.009720595528319866,ridge,0
aux_fng_chg_7,0.009546646249030084,ridge,0
xa_excess_ret_lag1,0.009450376631779016,ridge,0
px_ret_std_10,0.009410554575562157,ridge,0
vol_taker_buy_ratio_dev,0.009373969756864506,ridge,0
vol_taker_buy_ratio,0.009373969756864484,ridge,0
aux_splycur_z63,0.00921571818364346,ridge,0
rng_cc_parkinson_ratio_21,0.008796008101407883,ridge,0
px_dist_max_63,0.008628677047609645,ridge,0
rng_parkinson_5,0.00845338781152776,ridge,0
px_cumret_30,0.008349307717382737,ridge,0
tech_stoch_k_14,0.008041143161275051,ridge,0
vol_qv_median_ratio_63,0.007793394169769548,ridge,0
tech_obv_zscore_21,0.006095909446382485,ridge,0
vol_trades_zscore_21,0.006087688176825893,ridge,0
aux_adractcnt_chg_7,0.005728281305528648,ridge,0
px_ret_3,0.005566670214774067,ridge,0
aux_fng,0.005167366875266225,ridge,0
xa_market_ret_mean_5,0.004713192414554142,ridge,0
xa_rel_strength_7,0.004643741756519356,ridge,0
aux_txcnt_chg_7,0.004634030445292664,ridge,0
xa_market_dispersion,0.004599568140652563,ridge,0
cal_dom_sin,0.004118561375217502,ridge,0
xa_ref_vol_21,0.0039247560865420745,ridge,0
tech_stoch_d_14,0.0036382551208223625,ridge,0
rng_tr_norm,0.0034918496664857316,ridge,0
px_ret_mean_21,0.003438855477793692,ridge,0
px_ret_21,0.003438855477793685,ridge,0
px_cumret_90,0.0031427187792741657,ridge,0
cal_moy_cos,0.003066416329405912,ridge,0
tech_macd_signal_norm,0.0029043326799354945,ridge,0
cal_dow_sin,0.0028843849067108304,ridge,0
vol_ret_corr_21,0.00277681470326424,ridge,0
tech_macd_line_norm,0.0026628981557562464,ridge,0
px_ret_mean_5,0.0025456371541489557,ridge,0
px_ret_5,0.0025456371541489513,ridge,0
px_ret_std_21,0.0020623852880419145,ridge,0
tech_rsi_14,0.002041702656460745,ridge,0
px_dist_min_63,0.001969595549785649,ridge,0
px_dist_min_21,0.0013400675862276703,ridge,0
px_ret_mean_63,0.0011055895872211727,ridge,0
rng_garman_klass_21,0.000742701290818138,ridge,0
rng_intraday,0.0005621219247565757,ridge,0
px_ret_kurt_21,0.0005598722557370819,ridge,0
tech_macd_hist_norm,0.0004898840792814674,ridge,0
rng_parkinson_21,0.00036965062049214254,ridge,0
tech_bb_pos_20,0.0003603619885484824,ridge,0
px_ret_1,0.060855276481158585,ridge,1
rng_close_position,0.05110799580532136,ridge,1
cal_dow_cos,0.047785722476132934,ridge,1
px_ret_skew_63,0.043608878942829284,ridge,1
cal_moy_sin,0.03672873194373249,ridge,1
aux_splycur_chg_7,0.030182345135194622,ridge,1
xa_market_ret_lag1,0.027564045263105443,ridge,1
xa_ref_ret_lag2,0.02591977435425162,ridge,1
cal_is_weekend,0.025771398071938765,ridge,1
xa_rel_strength_30,0.02547583796247005,ridge,1
px_ret_kurt_63,0.02356216418448874,ridge,1
rng_garman_klass_5,0.02073895305500507,ridge,1
xa_rank_ret_lag1,0.019614624277750792,ridge,1
xa_ref_ret_lag1,0.019035391217476702,ridge,1
aux_txcnt_z63,0.016705916975119,ridge,1
px_dist_max_21,0.01614160933279066,ridge,1
cal_dom_cos,0.016019605287682672,ridge,1
px_ret_2,0.015358170182631704,ridge,1
xa_corr_ref_90,0.015142456999513627,ridge,1
aux_adractcnt_z63,0.014301202822510026,ridge,1
px_ret_skew_21,0.013963490275778232,ridge,1
px_ret_std_63,0.01381882944683594,ridge,1
px_ret_mean_10,0.013199297451105346,ridge,1
px_ret_10,0.013199297451105345,ridge,1
aux_fng_z_63,0.012359634386957032,ridge,1
rng_atr_14_norm,0.012243606762855852,ridge,1
rng_parkinson_5,0.011946820378206775,ridge,1
vol_zscore_21,0.01181815817616467,ridge,1
xa_excess_ret_lag1,0.011662908837549111,ridge,1
xa_corr_ref_30,0.011503687786969459,ridge,1
vol_log1p_quote_volume,0.011173834234985943,ridge,1
vol_qv_median_ratio_63,0.010728819874678502,ridge,1
px_cumret_7,0.010078039589457364,ridge,1
px_ret_std_5,0.010004627867342889,ridge,1
cal_dow_sin,0.009907234306275645,ridge,1
px_ret_std_10,0.009554884747150872,ridge,1
px_dist_max_63,0.00906160177107837,ridge,1
vol_taker_buy_ratio_mean_7,0.008888405569225528,ridge,1
vol_log1p_volume,0.008694977260861377,ridge,1
px_ret_kurt_21,0.007968700066395516,ridge,1
tech_stoch_k_14,0.007719504040116776,ridge,1
aux_splycur_z63,0.007356732238253698,ridge,1
px_ret_3,0.007115740709017486,ridge,1
xa_rel_strength_7,0.0070971342524294235,ridge,1
xa_ref_vol_21,0.006611089814996569,ridge,1
vol_trades_zscore_21,0.006467731489708048,ridge,1
cal_moy_cos,0.006181302989783009,ridge,1
px_cumret_30,0.006180738852060679,ridge,1
rng_tr_norm,0.006136001993650569,ridge,1
xa_ref_ret_mean_5,0.006135719802150901,ridge,1
aux_adractcnt_chg_7,0.0060932453889965005,ridge,1
aux_fng,0.006090409983482676,ridge,1
tech_obv_zscore_21,0.005665076956529699,ridge,1
aux_txcnt_chg_7,0.005547363543836987,ridge,1
vol_ret_corr_21,0.005434455909311382,ridge,1
aux_fng_chg_7,0.005236160720131156,ridge,1
px_ret_std_21,0.005018294419192631,ridge,1
px_dist_min_63,0.00446686831373486,ridge,1
tech_stoch_d_14,0.004350709710711631,ridge,1
rng_cc_parkinson_ratio_21,0.003398445590069684,ridge,1
tech_macd_hist_norm,0.0033450781510662654,ridge,1
px_ret_mean_63,0.003287083297335987,ridge,1
tech_macd_line_norm,0.003160811704700018,ridge,1
px_cumret_90,0.003038181964878087,ridge,1
rng_parkinson_21,0.0028182110523983232,ridge,1
tech_macd_signal_norm,0.0023290973332323046,ridge,1
vol_taker_buy_ratio,0.0021993103791218787,ridge,1
vol_taker_buy_ratio_dev,0.0021993103791218705,ridge,1
rng_intraday,0.002131301991470383,ridge,1
px_ret_5,0.001849056580941968,ridge,1
px_ret_mean_5,0.0018490565809419462,ridge,1
cal_dom_sin,0.0014421290125308528,ridge,1
rng_garman_klass_21,0.0013159517363618577,ridge,1
tech_rsi_14,0.0012529597821322623,ridge,1
px_dist_min_21,0.0010673333292632876,ridge,1
px_ret_21,0.0007581147887560191,ridge,1
px_ret_mean_21,0.0007581147887560138,ridge,1
xa_market_dispersion,0.0007446248707427275,ridge,1
tech_bb_pos_20,0.0003772561488079167,ridge,1
xa_market_ret_mean_5,0.0002824159723956961,ridge,1
px_ret_1,0.16058136146970792,ridge,2
cal_dow_cos,0.1379961204343829,ridge,2
rng_garman_klass_5,0.13129650623364045,ridge,2
cal_moy_sin,0.129951795595191,ridge,2
rng_close_position,0.12892420644240632,ridge,2
aux_splycur_chg_7,0.12752500657616186,ridge,2
cal_dow_sin,0.10500059662772869,ridge,2
xa_ref_ret_lag2,0.10322421066481373,ridge,2
px_ret_skew_63,0.09881397749243662,ridge,2
xa_rel_strength_30,0.09579595070215674,ridge,2
tech_bb_pos_20,0.08951865754993645,ridge,2
cal_is_weekend,0.08223940381248089,ridge,2
rng_atr_14_norm,0.07592786297912636,ridge,2
xa_market_ret_mean_5,0.07237269244786415,ridge,2
px_dist_max_63,0.07123374982978692,ridge,2
rng_parkinson_5,0.06985868222149211,ridge,2
xa_market_ret_lag1,0.06896706804651861,ridge,2
vol_zscore_21,0.06001164794098761,ridge,2
px_ret_skew_21,0.058664752199369,ridge,2
px_ret_kurt_21,0.05720633735445048,ridge,2
vol_log1p_quote_volume,0.056339580154805,ridge,2
xa_rank_ret_lag1,0.05090049729081609,ridge,2
px_ret_std_5,0.05047195881725497,ridge,2
px_ret_std_10,0.04863922898905828,ridge,2
px_cumret_30,0.04713547297885126,ridge,2
px_ret_3,0.04398832679903771,ridge,2
tech_obv_zscore_21,0.043280176244731995,ridge,2
cal_moy_cos,0.04253683166945504,ridge,2
vol_taker_buy_ratio_mean_7,0.04253435001374923,ridge,2
tech_rsi_14,0.040776003319964636,ridge,2
px_ret_10,0.037864743995047065,ridge,2
px_ret_mean_10,0.037864743995047065,ridge,2
aux_fng,0.03761677637824584,ridge,2
px_ret_std_63,0.036682717495017926,ridge,2
aux_txcnt_z63,0.03622355148714364,ridge,2
tech_stoch_d_14,0.03305353372558243,ridge,2
vol_taker_buy_ratio,0.031770884177727526,ridge,2
vol_taker_buy_ratio_dev,0.031770884177727436,ridge,2
px_ret_kurt_63,0.029632494108710848,ridge,2
xa_ref_ret_lag1,0.029601240490181265,ridge,2
px_cumret_7,0.02870804576854007,ridge,2
vol_ret_corr_21,0.02824809893485798,ridge,2
aux_splycur_z63,0.028114897001522032,ridge,2
px_dist_max_21,0.027609908449805726,ridge,2
aux_fng_z_63,0.02718463382028017,ridge,2
xa_rel_strength_7,0.026633821335164995,ridge,2
xa_ref_vol_21,0.026616772981649082,ridge,2
xa_corr_ref_30,0.026425141616887055,ridge,2
px_dist_min_63,0.026025233484186443,ridge,2
cal_dom_cos,0.025292118921054887,ridge,2
vol_log1p_volume,0.024500002108290897,ridge,2
px_ret_std_21,0.02410575096915632,ridge,2
vol_trades_zscore_21,0.024053036726535235,ridge,2
aux_txcnt_chg_7,0.022973605542535865,ridge,2
px_dist_min_21,0.022128658095009062,ridge,2
xa_corr_ref_90,0.02094471023726941,ridge,2
cal_dom_sin,0.020587651826484157,ridge,2
vol_qv_median_ratio_63,0.020287978002273797,ridge,2
aux_fng_chg_7,0.01721306657065258,ridge,2
tech_macd_line_norm,0.013864388673937685,ridge,2
tech_stoch_k_14,0.013497330778575874,ridge,2
tech_macd_signal_norm,0.012754352190763084,ridge,2
px_cumret_90,0.011062583405260704,ridge,2
aux_adractcnt_chg_7,0.010240367645683722,ridge,2
rng_tr_norm,0.009931070299688852,ridge,2
px_ret_mean_63,0.007813898847178724,ridge,2
xa_excess_ret_lag1,0.006416228994738726,ridge,2
rng_parkinson_21,0.0062060313810086715,ridge,2
px_ret_2,0.0054685750562971465,ridge,2
rng_intraday,0.0041951217547875515,ridge,2
rng_cc_parkinson_ratio_21,0.00400062022988207,ridge,2
px_ret_5,0.003583696055860707,ridge,2
px_ret_mean_5,0.003583696055860632,ridge,2
xa_market_dispersion,0.003015559985830476,ridge,2
px_ret_mean_21,0.002977679680774887,ridge,2
px_ret_21,0.0029776796807748592,ridge,2
rng_garman_klass_21,0.002194486035508102,ridge,2
aux_adractcnt_z63,0.0015901291902773573,ridge,2
xa_ref_ret_mean_5,0.0015205769131152631,ridge,2
tech_macd_hist_norm,0.0015191062503923654,ridge,2
cal_dow_cos,0.15387613099227826,ridge,3
rng_close_position,0.14662047146766494,ridge,3
px_ret_1,0.14505392299080716,ridge,3
rng_garman_klass_5,0.13251030732788474,ridge,3
cal_moy_sin,0.12926362531598004,ridge,3
aux_splycur_chg_7,0.12234825134132493,ridge,3
tech_bb_pos_20,0.11398513403802298,ridge,3
xa_ref_ret_lag2,0.10621486062779054,ridge,3
cal_dow_sin,0.10457196646396123,ridge,3
px_ret_skew_63,0.10048358553962332,ridge,3
xa_rel_strength_30,0.08693094132967963,ridge,3
px_dist_max_63,0.07586842234084322,ridge,3
rng_parkinson_5,0.07482861181950298,ridge,3
xa_market_ret_mean_5,0.07206340415365163,ridge,3
xa_market_ret_lag1,0.07112794986164574,ridge,3
cal_is_weekend,0.06800155193065817,ridge,3
rng_atr_14_norm,0.06602184349979336,ridge,3
vol_zscore_21,0.062459738114336444,ridge,3
px_ret_std_5,0.0620618181738381,ridge,3
px_ret_3,0.06058312010387447,ridge,3
vol_log1p_quote_volume,0.05968458462515828,ridge,3
vol_taker_buy_ratio_mean_7,0.05582349056541202,ridge,3
px_ret_std_63,0.05402327266838371,ridge,3
tech_stoch_d_14,0.05088137072596827,ridge,3
tech_rsi_14,0.05073323465211626,ridge,3
px_ret_skew_21,0.04983122783100536,ridge,3
px_ret_kurt_21,0.04795003085599501,ridge,3
px_cumret_30,0.045199816735459517,ridge,3
tech_obv_zscore_21,0.04392410395932544,ridge,3
cal_moy_cos,0.04365000366761424,ridge,3
aux_txcnt_z63,0.041726691459362746,ridge,3
aux_splycur_z63,0.04044054737857866,ridge,3
xa_rank_ret_lag1,0.03986968814362597,ridge,3
xa_rel_strength_7,0.039746498161037605,ridge,3
vol_trades_zscore_21,0.0361494849190807,ridge,3
xa_ref_vol_21,0.035293998730338005,ridge,3
vol_log1p_volume,0.035184197640318673,ridge,3
px_dist_max_21,0.03421574328194634,ridge,3
vol_qv_median_ratio_63,0.0339503633882323,ridge,3
vol_taker_buy_ratio_dev,0.033668310938177286,ridge,3
vol_taker_buy_ratio,0.033668310938177196,ridge,3
px_dist_min_21,0.031612640471825,ridge,3
xa_ref_ret_lag1,0.026869407768138776,ridge,3
aux_fng,0.024821983688349567,ridge,3
px_ret_std_10,0.02464212916241752,ridge,3
px_ret_std_21,0.024385487810096876,ridge,3
xa_market_dispersion,0.02416318197852154,ridge,3
px_ret_mean_10,0.02381313286028213,ridge,3
px_ret_10,0.023813132860282072,ridge,3
px_dist_min_63,0.022391902483364392,ridge,3
px_cumret_7,0.01876698288028347,ridge,3
px_ret_mean_21,0.017481324200402507,ridge,3
px_ret_21,0.01748132420040247,ridge,3
aux_adractcnt_z63,0.0171597959497892,ridge,3
xa_corr_ref_30,0.01636232892554164,ridge,3
px_ret_kurt_63,0.014795195363017627,ridge,3
xa_ref_ret_mean_5,0.01440838548996534,ridge,3
tech_stoch_k_14,0.011718696200560782,ridge,3
cal_dom_sin,0.011419597762494467,ridge,3
cal_dom_cos,0.011126833692098822,ridge,3
rng_parkinson_21,0.010477045380673688,ridge,3
vol_ret_corr_21,0.010055609589434905,ridge,3
rng_intraday,0.00846369896495059,ridge,3
tech_macd_line_norm,0.007821867397540358,ridge,3
tech_macd_hist_norm,0.007658010241531855,ridge,3
px_cumret_90,0.007286539148656795,ridge,3
rng_cc_parkinson_ratio_21,0.007208090162817296,ridge,3
tech_macd_signal_norm,0.00718167702090732,ridge,3
px_ret_2,0.00686081431782606,ridge,3
px_ret_5,0.00535412716015369,ridge,3
px_ret_mean_5,0.005354127160153661,ridge,3
xa_corr_ref_90,0.005197803190630736,ridge,3
xa_excess_ret_lag1,0.004654316230416264,ridge,3
aux_adractcnt_chg_7,0.004650420253263187,ridge,3
aux_fng_chg_7,0.004342296104599101,ridge,3
rng_tr_norm,0.0026155576650949584,ridge,3
px_ret_mean_63,0.002413711080873291,ridge,3
aux_fng_z_63,0.001544874623273332,ridge,3
aux_txcnt_chg_7,0.0008390478846855893,ridge,3
rng_garman_klass_21,5.594532605280236e-05,ridge,3
rng_close_position,0.07487066879822442,ridge,4
px_ret_1,0.06763090531790304,ridge,4
cal_dow_cos,0.05998127105204009,ridge,4
cal_moy_sin,0.05071451042790835,ridge,4
xa_market_ret_lag1,0.031755449214953095,ridge,4
cal_is_weekend,0.03042668452663571,ridge,4
aux_splycur_chg_7,0.02864506970699417,ridge,4
xa_ref_ret_lag1,0.02768885752063076,ridge,4
px_ret_kurt_63,0.027059294207889672,ridge,4
px_ret_skew_21,0.023799410911517375,ridge,4
px_ret_skew_63,0.022630740980720473,ridge,4
xa_rel_strength_30,0.022054906393171234,ridge,4
px_ret_3,0.019509282325157955,ridge,4
px_ret_kurt_21,0.019314467360592464,ridge,4
aux_txcnt_z63,0.01910758788266795,ridge,4
xa_corr_ref_90,0.01830898743890763,ridge,4
xa_rank_ret_lag1,0.017665750183796035,ridge,4
xa_ref_vol_21,0.016518598126371267,ridge,4
px_dist_max_63,0.015824767805232634,ridge,4
rng_garman_klass_5,0.015433465340520518,ridge,4
rng_atr_14_norm,0.01540702136273195,ridge,4
vol_qv_median_ratio_63,0.014859171971968883,ridge,4
xa_rel_strength_7,0.01460214853525086,ridge,4
aux_splycur_z63,0.013865875273505428,ridge,4
px_ret_2,0.013383326144611208,ridge,4
px_cumret_7,0.013194754545293487,ridge,4
xa_ref_ret_lag2,0.013138614348854142,ridge,4
rng_cc_parkinson_ratio_21,0.013054372208716197,ridge,4
px_ret_std_21,0.012606696322055216,ridge,4
vol_log1p_volume,0.012533192719131251,ridge,4
tech_bb_pos_20,0.012474215766256742,ridge,4
vol_taker_buy_ratio_mean_7,0.012332118658417436,ridge,4
tech_obv_zscore_21,0.011612243790353066,ridge,4
cal_dow_sin,0.011213662288957791,ridge,4
vol_zscore_21,0.01107483966721237,ridge,4
px_dist_max_21,0.010064214961020642,ridge,4
xa_excess_ret_lag1,0.009786969397537109,ridge,4
rng_parkinson_5,0.009499181543375125,ridge,4
px_ret_10,0.009485862595175865,ridge,4
px_ret_mean_10,0.009485862595175844,ridge,4
xa_corr_ref_30,0.009332182167136445,ridge,4
xa_ref_ret_mean_5,0.009213172384270989,ridge,4
xa_market_ret_mean_5,0.008954684091169719,ridge,4
tech_stoch_k_14,0.007820950498135616,ridge,4
px_ret_5,0.007595121508447859,ridge,4
px_ret_mean_5,0.0075951215084478566,ridge,4
tech_rsi_14,0.007355432644763904,ridge,4
cal_dom_sin,0.0072300877428134805,ridge,4
rng_parkinson_21,0.0071134763313000495,ridge,4
vol_trades_zscore_21,0.007006579290480693,ridge,4
vol_ret_corr_21,0.006917763278549324,ridge,4
px_dist_min_63,0.006903168386708196,ridge,4
aux_adractcnt_chg_7,0.005723056834821321,ridge,4
vol_log1p_quote_volume,0.005429249554821525,ridge,4
px_ret_std_63,0.005221484269561142,ridge,4
rng_garman_klass_21,0.004701135016009966,ridge,4
aux_fng,0.00449141627455167,ridge,4
aux_fng_chg_7,0.003813084859486661,ridge,4
rng_intraday,0.0036369856410087575,ridge,4
tech_macd_signal_norm,0.0035297090607543987,ridge,4
px_ret_std_5,0.003170733854877118,ridge,4
tech_macd_line_norm,0.003030005160904631,ridge,4
tech_macd_hist_norm,0.002713967032685309,ridge,4
aux_txcnt_chg_7,0.0020786431396454157,ridge,4
aux_adractcnt_z63,0.0020046293475064767,ridge,4
px_cumret_90,0.00180859217060587,ridge,4
px_ret_21,0.001746736201933145,ridge,4
px_ret_mean_21,0.0017467362019331382,ridge,4
px_cumret_30,0.0017460340011802434,ridge,4
cal_dom_cos,0.0015970104081079804,ridge,4
px_ret_std_10,0.0015715258382513568,ridge,4
tech_stoch_d_14,0.0011499080748119694,ridge,4
cal_moy_cos,0.0011405324114181063,ridge,4
vol_taker_buy_ratio,0.0011125366193214382,ridge,4
vol_taker_buy_ratio_dev,0.0011125366193214168,ridge,4
rng_tr_norm,0.0008189091772922578,ridge,4
px_dist_min_21,0.0006813585761414703,ridge,4
aux_fng_z_63,0.0004519485016651085,ridge,4
xa_market_dispersion,7.000705148479808e-05,ridge,4
px_ret_mean_63,2.5334861151139165e-05,ridge,4
rng_close_position,0.0876711096966217,ridge,5
px_ret_1,0.06805937651483444,ridge,5
cal_dow_cos,0.055821408114854046,ridge,5
cal_moy_sin,0.05213102438616931,ridge,5
xa_market_ret_lag1,0.03151216413241368,ridge,5
aux_splycur_chg_7,0.031233881366403444,ridge,5
px_ret_kurt_63,0.02767130535704193,ridge,5
xa_ref_ret_lag1,0.02758452095398006,ridge,5
px_ret_skew_21,0.02611923519901853,ridge,5
px_ret_skew_63,0.024427894410638307,ridge,5
cal_is_weekend,0.02416473446621817,ridge,5
cal_dow_sin,0.02221775254483423,ridge,5
xa_rel_strength_30,0.02161542511546919,ridge,5
aux_txcnt_z63,0.021339503502838086,ridge,5
xa_corr_ref_90,0.021061795837894238,ridge,5
px_ret_3,0.019422306861230365,ridge,5
xa_rel_strength_7,0.016500059652899225,ridge,5
vol_qv_median_ratio_63,0.01642366707741797,ridge,5
rng_garman_klass_5,0.016417369952120037,ridge,5
xa_ref_vol_21,0.016136052653580344,ridge,5
rng_cc_parkinson_ratio_21,0.015694104950490503,ridge,5
px_dist_max_63,0.015641802180529712,ridge,5
px_ret_kurt_21,0.01522191701131215,ridge,5
rng_atr_14_norm,0.015039321983536356,ridge,5
xa_ref_ret_lag2,0.014441423722541223,ridge,5
xa_rank_ret_lag1,0.01428281854053566,ridge,5
tech_stoch_k_14,0.013996520860563777,ridge,5
vol_log1p_volume,0.013264747692536246,ridge,5
vol_taker_buy_ratio_mean_7,0.013063085956557696,ridge,5
px_ret_2,0.012735440254973168,ridge,5
px_cumret_7,0.01220865042322725,ridge,5
px_ret_std_21,0.012133616458335751,ridge,5
tech_obv_zscore_21,0.011686131634955903,ridge,5
px_dist_max_21,0.011271086538401967,ridge,5
xa_excess_ret_lag1,0.011149588441128584,ridge,5
px_ret_10,0.011147427860319314,ridge,5
px_ret_mean_10,0.011147427860319303,ridge,5
tech_bb_pos_20,0.010608335293648376,ridge,5
vol_ret_corr_21,0.010424013439003081,ridge,5
cal_dom_sin,0.010375490435419746,ridge,5
xa_corr_ref_30,0.010150311651465186,ridge,5
rng_parkinson_5,0.009753157304324196,ridge,5
vol_log1p_quote_volume,0.00899449510793627,ridge,5
vol_zscore_21,0.008123272794357482,ridge,5
vol_trades_zscore_21,0.007926551739087804,ridge,5
px_ret_std_63,0.007868757555493083,ridge,5
px_dist_min_63,0.007686424911470669,ridge,5
xa_ref_ret_mean_5,0.007679800505689601,ridge,5
tech_rsi_14,0.007363469340951036,ridge,5
xa_market_ret_mean_5,0.007008597427152434,ridge,5
px_ret_5,0.00638616790168902,ridge,5
px_ret_mean_5,0.0063861679016890185,ridge,5
rng_parkinson_21,0.006342951932370123,ridge,5
xa_market_dispersion,0.0061318058970139845,ridge,5
aux_adractcnt_chg_7,0.005956944215450495,ridge,5
aux_fng_z_63,0.005580605592436076,ridge,5
cal_dom_cos,0.005347614456340165,ridge,5
aux_splycur_z63,0.004985874088062061,ridge,5
cal_moy_cos,0.004928700810189347,ridge,5
rng_garman_klass_21,0.003987319203992588,ridge,5
aux_txcnt_chg_7,0.003937770990820772,ridge,5
aux_fng,0.0038029591703446423,ridge,5
vol_taker_buy_ratio,0.0034543810689139504,ridge,5
vol_taker_buy_ratio_dev,0.003454381068913946,ridge,5
px_ret_std_5,0.0033405556171368514,ridge,5
aux_fng_chg_7,0.0032693525331116678,ridge,5
tech_macd_signal_norm,0.0032596205355416535,ridge,5
tech_macd_hist_norm,0.0030291232994855972,ridge,5
tech_macd_line_norm,0.0027996739848874194,ridge,5
rng_tr_norm,0.002780603406228014,ridge,5
px_cumret_30,0.002535732349116696,ridge,5
aux_adractcnt_z63,0.0022463537797637574,ridge,5
tech_stoch_d_14,0.002158543955760366,ridge,5
px_cumret_90,0.0019427412446513036,ridge,5
px_ret_std_10,0.0017133763219611266,ridge,5
px_ret_mean_63,0.0014954334964529822,ridge,5
rng_intraday,0.0011281023733825703,ridge,5
px_ret_21,0.0005665455715985093,ridge,5
px_ret_mean_21,0.000566545571598499,ridge,5
px_dist_min_21,0.0001086886762861486,ridge,5
rng_close_position,0.09747558502470102,ridge,6
px_ret_1,0.07460106267499388,ridge,6
cal_dow_cos,0.059278493309961024,ridge,6
cal_moy_sin,0.04104874827453366,ridge,6
xa_market_ret_lag1,0.039684158725823274,ridge,6
aux_splycur_chg_7,0.03960283571954702,ridge,6
xa_ref_ret_lag1,0.029463831495603814,ridge,6
px_ret_kurt_63,0.028359546697713442,ridge,6
px_ret_skew_21,0.02743330525939947,ridge,6
aux_txcnt_z63,0.025100758622083663,ridge,6
xa_rel_strength_30,0.024810585563622874,ridge,6
cal_dow_sin,0.02347339229467382,ridge,6
px_ret_skew_63,0.02333079623318987,ridge,6
cal_is_weekend,0.021502545229012023,ridge,6
tech_stoch_k_14,0.01947123841873035,ridge,6
px_ret_3,0.019073436480505714,ridge,6
xa_corr_ref_90,0.018597274602064676,ridge,6
rng_atr_14_norm,0.017523122845336674,ridge,6
rng_cc_parkinson_ratio_21,0.01747989439908272,ridge,6
xa_ref_ret_lag2,0.017450853546658568,ridge,6
vol_taker_buy_ratio_mean_7,0.01716609776857148,ridge,6
vol_qv_median_ratio_63,0.016498297003244244,ridge,6
vol_log1p_quote_volume,0.01567018021168481,ridge,6
px_dist_max_63,0.015057287727012533,ridge,6
px_ret_kurt_21,0.013981022857382942,ridge,6
xa_market_dispersion,0.013855297152299616,ridge,6
cal_moy_cos,0.013706626779777435,ridge,6
xa_rank_ret_lag1,0.013545519635125914,ridge,6
px_cumret_7,0.013489190116170256,ridge,6
xa_rel_strength_7,0.013210494088782667,ridge,6
rng_garman_klass_5,0.012973760007477486,ridge,6
px_ret_std_63,0.01275259121555975,ridge,6
cal_dom_cos,0.011875537404811657,ridge,6
px_ret_std_21,0.011713622787404189,ridge,6
px_ret_2,0.011619575621989932,ridge,6
aux_adractcnt_chg_7,0.009929982790733632,ridge,6
px_ret_10,0.009626023296714288,ridge,6
px_ret_mean_10,0.009626023296714283,ridge,6
xa_ref_vol_21,0.009452093946566324,ridge,6
aux_splycur_z63,0.009399366442322555,ridge,6
vol_ret_corr_21,0.009308279975286321,ridge,6
px_dist_max_21,0.009244854190186627,ridge,6
xa_excess_ret_lag1,0.008575869377144272,ridge,6
tech_obv_zscore_21,0.008370462913038754,ridge,6
xa_ref_ret_mean_5,0.008271976636597697,ridge,6
aux_fng_chg_7,0.0077955715112095775,ridge,6
tech_rsi_14,0.007486509938945719,ridge,6
rng_parkinson_5,0.007251000668028172,ridge,6
tech_stoch_d_14,0.006889778776063446,ridge,6
xa_market_ret_mean_5,0.006820087469453402,ridge,6
aux_txcnt_chg_7,0.006791622049580466,ridge,6
px_ret_std_10,0.0063424974967612605,ridge,6
vol_taker_buy_ratio_dev,0.0060731862698713834,ridge,6
vol_taker_buy_ratio,0.006073186269871366,ridge,6
rng_tr_norm,0.00584147218381483,ridge,6
cal_dom_sin,0.0057542546240023,ridge,6
rng_parkinson_21,0.005599857769446161,ridge,6
tech_bb_pos_20,0.005462726266166934,ridge,6
px_ret_5,0.005133091808242272,ridge,6
px_ret_mean_5,0.005133091808242267,ridge,6
aux_adractcnt_z63,0.004279041357035479,ridge,6
xa_corr_ref_30,0.0041185786372278125,ridge,6
aux_fng_z_63,0.003907275810423484,ridge,6
px_ret_std_5,0.0038319772220912936,ridge,6
px_ret_mean_63,0.0035335161506263417,ridge,6
rng_garman_klass_21,0.0033746863179847666,ridge,6
vol_zscore_21,0.0032510324864394847,ridge,6
aux_fng,0.003215826307284348,ridge,6
vol_log1p_volume,0.003019562952748925,ridge,6
tech_macd_hist_norm,0.0027138507204012403,ridge,6
px_cumret_30,0.0025895505873897253,ridge,6
px_cumret_90,0.0023951559982133453,ridge,6
vol_trades_zscore_21,0.0023419144636499132,ridge,6
tech_macd_signal_norm,0.002232103233404577,ridge,6
rng_intraday,0.0018576337044976746,ridge,6
px_dist_min_63,0.0017117600502240984,ridge,6
tech_macd_line_norm,0.001606371105717107,ridge,6
px_ret_21,0.0015840374660683798,ridge,6
px_ret_mean_21,0.0015840374660683633,ridge,6
px_dist_min_21,1.17898034499191e-05,ridge,6
rng_close_position,0.09581286059855419,ridge,7
px_ret_1,0.06539033214172306,ridge,7
cal_dow_cos,0.0605591218190983,ridge,7
aux_splycur_chg_7,0.04596384823126668,ridge,7
xa_market_ret_lag1,0.03139678589001898,ridge,7
xa_ref_ret_lag1,0.03081221728449021,ridge,7
px_ret_kurt_63,0.029557263636341147,ridge,7
cal_dow_sin,0.029370184283403933,ridge,7
xa_market_dispersion,0.029226469765372052,ridge,7
px_ret_skew_21,0.028661326413403892,ridge,7
cal_moy_sin,0.02683834781013569,ridge,7
vol_log1p_quote_volume,0.024616494539165052,ridge,7
xa_rel_strength_30,0.02387528655095726,ridge,7
xa_ref_ret_lag2,0.022710693652001276,ridge,7
aux_fng,0.02234804030864918,ridge,7
cal_is_weekend,0.021066177911224008,ridge,7
vol_taker_buy_ratio_mean_7,0.020326675710478633,ridge,7
aux_txcnt_z63,0.019865493772842687,ridge,7
xa_market_ret_mean_5,0.01860832585210158,ridge,7
tech_stoch_k_14,0.018256121525738692,ridge,7
rng_cc_parkinson_ratio_21,0.018108530374565182,ridge,7
px_ret_std_63,0.016991951966750823,ridge,7
rng_atr_14_norm,0.016170507517306896,ridge,7
rng_garman_klass_5,0.01559323235203052,ridge,7
px_ret_mean_10,0.014657229683976543,ridge,7
px_ret_10,0.014657229683976538,ridge,7
px_cumret_7,0.014601835091476847,ridge,7
xa_corr_ref_90,0.014550317668682271,ridge,7
vol_qv_median_ratio_63,0.01422479689932504,ridge,7
px_ret_skew_63,0.013805902840863254,ridge,7
px_dist_max_63,0.013603018231444832,ridge,7
tech_bb_pos_20,0.01318170430348226,ridge,7
aux_splycur_z63,0.012486821116289596,ridge,7
xa_excess_ret_lag1,0.012416611765525156,ridge,7
xa_rank_ret_lag1,0.011372810279044453,ridge,7
px_ret_3,0.011136420108806937,ridge,7
px_ret_std_21,0.010423309647609708,ridge,7
tech_rsi_14,0.010052146243005359,ridge,7
px_ret_2,0.009660170250303525,ridge,7
px_ret_kurt_21,0.009104084681917084,ridge,7
rng_parkinson_5,0.009103727684431675,ridge,7
vol_taker_buy_ratio,0.007932830283346187,ridge,7
vol_taker_buy_ratio_dev,0.00793283028334618,ridge,7
aux_fng_chg_7,0.007929454398729822,ridge,7
xa_ref_ret_mean_5,0.007572917147538394,ridge,7
aux_txcnt_chg_7,0.007452039240118581,ridge,7
tech_obv_zscore_21,0.007130189004470604,ridge,7
aux_adractcnt_chg_7,0.007063429787513072,ridge,7
xa_rel_strength_7,0.006566586535538662,ridge,7
px_ret_std_10,0.006558887157907385,ridge,7
px_dist_max_21,0.0062760828779606665,ridge,7
px_cumret_90,0.006200558329388672,ridge,7
rng_tr_norm,0.005889817963793364,ridge,7
xa_ref_vol_21,0.00548687169910483,ridge,7
cal_dom_cos,0.005453632826491826,ridge,7
tech_macd_hist_norm,0.005115581877608767,ridge,7
aux_fng_z_63,0.0046875185991828135,ridge,7
tech_stoch_d_14,0.00464154244639299,ridge,7
xa_corr_ref_30,0.004530377884934608,ridge,7
px_ret_5,0.0043511986770135395,ridge,7
px_ret_mean_5,0.004351198677013526,ridge,7
px_ret_std_5,0.003923611039329263,ridge,7
px_ret_mean_21,0.0037218809951211694,ridge,7
px_ret_21,0.0037218809951211672,ridge,7
aux_adractcnt_z63,0.003449023421606481,ridge,7
rng_parkinson_21,0.0033377742998588447,ridge,7
px_cumret_30,0.0031750512887736685,ridge,7
cal_dom_sin,0.002870301986862358,ridge,7
vol_log1p_volume,0.002629739493032045,ridge,7
px_ret_mean_63,0.0023423256191659014,ridge,7
vol_zscore_21,0.0023386308037324226,ridge,7
rng_intraday,0.0020205487932566414,ridge,7
vol_trades_zscore_21,0.001994491925278892,ridge,7
px_dist_min_21,0.0016919696916912388,ridge,7
rng_garman_klass_21,0.0012012713978489628,ridge,7
px_dist_min_63,0.0011557976000626654,ridge,7
cal_moy_cos,0.0009827812982396234,ridge,7
tech_macd_signal_norm,0.00036172093416576525,ridge,7
tech_macd_line_norm,0.00026307117766445083,ridge,7
vol_ret_corr_21,0.00010953260775557008,ridge,7
rng_close_position,0.08799506249112116,ridge,8
px_ret_1,0.056750252601057746,ridge,8
cal_dow_cos,0.0566487139922101,ridge,8
aux_splycur_chg_7,0.0495922782328976,ridge,8
xa_market_dispersion,0.04352881476804417,ridge,8
xa_ref_ret_lag1,0.03817701516141662,ridge,8
xa_rel_strength_30,0.03135521761658593,ridge,8
xa_market_ret_lag1,0.030386318675493327,ridge,8
px_ret_kurt_63,0.02647310985051654,ridge,8
cal_is_weekend,0.025796616935361654,ridge,8
vol_log1p_quote_volume,0.02535312149165563,ridge,8
cal_moy_sin,0.024399262197458377,ridge,8
cal_dow_sin,0.024059644708410544,ridge,8
rng_cc_parkinson_ratio_21,0.023112253261736614,ridge,8
aux_fng,0.022545728963449838,ridge,8
px_ret_skew_21,0.022272412930295395,ridge,8
vol_taker_buy_ratio_mean_7,0.02184108086714522,ridge,8
aux_txcnt_z63,0.021442038669968706,ridge,8
xa_ref_ret_lag2,0.021281890455587062,ridge,8
cal_dom_cos,0.01893147085301115,ridge,8
px_cumret_7,0.018714926651092912,ridge,8
tech_stoch_k_14,0.018554736819857334,ridge,8
rng_garman_klass_5,0.01791122135066559,ridge,8
rng_tr_norm,0.017906474428425804,ridge,8
px_ret_3,0.016525108762203967,ridge,8
xa_market_ret_mean_5,0.015930651543073656,ridge,8
px_ret_2,0.01447940880289747,ridge,8
rng_intraday,0.014317015861182596,ridge,8
px_ret_std_63,0.014176581110557359,ridge,8
px_ret_std_21,0.013874887693059543,ridge,8
tech_bb_pos_20,0.013706923195498993,ridge,8
rng_atr_14_norm,0.01354566686716734,ridge,8
px_ret_mean_10,0.013471517203763805,ridge,8
px_ret_10,0.013471517203763802,ridge,8
aux_splycur_z63,0.013014631404992347,ridge,8
px_ret_skew_63,0.01287472230466522,ridge,8
rng_parkinson_5,0.011256057386631813,ridge,8
vol_qv_median_ratio_63,0.010601798834379086,ridge,8
px_ret_std_5,0.01005408157139828,ridge,8
vol_ret_corr_21,0.010022278402214674,ridge,8
tech_macd_hist_norm,0.008973500391137567,ridge,8
aux_txcnt_chg_7,0.008864767744475548,ridge,8
aux_adractcnt_chg_7,0.008802419902539002,ridge,8
px_dist_max_63,0.008723697923959023,ridge,8
xa_rel_strength_7,0.008718988402830308,ridge,8
px_cumret_90,0.008259834728626935,ridge,8
px_ret_kurt_21,0.008177300517013597,ridge,8
xa_excess_ret_lag1,0.00807213111388345,ridge,8
xa_rank_ret_lag1,0.007297153632880228,ridge,8
tech_rsi_14,0.006501604106970111,ridge,8
aux_fng_chg_7,0.006367885961857853,ridge,8
xa_corr_ref_90,0.0061228590100367835,ridge,8
vol_log1p_volume,0.005595500363198745,ridge,8
px_dist_min_63,0.005015995381165547,ridge,8
aux_adractcnt_z63,0.004996760196941268,ridge,8
vol_taker_buy_ratio,0.004852595319391172,ridge,8
vol_taker_buy_ratio_dev,0.0048525953193911545,ridge,8
px_ret_mean_21,0.00449914243598349,ridge,8
px_ret_21,0.004499142435983482,ridge,8
cal_moy_cos,0.004373887685569992,ridge,8
px_dist_min_21,0.00425866030459113,ridge,8
xa_ref_vol_21,0.004192980778664137,ridge,8
px_ret_mean_63,0.0038358817922347676,ridge,8
tech_obv_zscore_21,0.0032616551234034333,ridge,8
px_ret_std_10,0.0032044661088310375,ridge,8
rng_parkinson_21,0.0031492418782612373,ridge,8
px_ret_5,0.00314310316435411,ridge,8
px_ret_mean_5,0.003143103164354108,ridge,8
px_dist_max_21,0.0024832585029564693,ridge,8
px_cumret_30,0.0023579524884113716,ridge,8
tech_stoch_d_14,0.002156491750059474,ridge,8
tech_macd_line_norm,0.0017519779921804162,ridge,8
tech_macd_signal_norm,0.0013639958527872833,ridge,8
xa_corr_ref_30,0.0012960828211227898,ridge,8
cal_dom_sin,0.0008051076113078637,ridge,8
aux_fng_z_63,0.0006886441031245169,ridge,8
vol_zscore_21,0.0006779247222721816,ridge,8
vol_trades_zscore_21,0.0006420041660773856,ridge,8
xa_ref_ret_mean_5,0.0005787822485614333,ridge,8
rng_garman_klass_21,0.00015927202220133508,ridge,8
rng_close_position,0.08106676170713117,ridge,9
px_ret_1,0.05825342071271258,ridge,9
cal_dow_cos,0.05364958155041117,ridge,9
aux_splycur_chg_7,0.04781198194295835,ridge,9
xa_market_dispersion,0.04340773579537582,ridge,9
cal_is_weekend,0.034106187072375824,ridge,9
xa_ref_ret_lag1,0.03390166508851347,ridge,9
xa_market_ret_lag1,0.033308679277051126,ridge,9
cal_dom_cos,0.032146265199633844,ridge,9
xa_ref_ret_lag2,0.029538322206932928,ridge,9
cal_dow_sin,0.027850905147082647,ridge,9
cal_moy_sin,0.026753181818157855,ridge,9
aux_fng,0.02645365625122434,ridge,9
vol_log1p_quote_volume,0.025059749943158342,ridge,9
px_ret_kurt_63,0.02435365292436684,ridge,9
vol_taker_buy_ratio_mean_7,0.024315733308800585,ridge,9
px_ret_skew_21,0.02341665966464431,ridge,9
xa_rel_strength_30,0.022222281877788262,ridge,9
aux_txcnt_z63,0.02173914699424596,ridge,9
rng_garman_klass_5,0.020726227220347844,ridge,9
rng_cc_parkinson_ratio_21,0.019828194494111107,ridge,9
px_ret_2,0.01774513640270876,ridge,9
xa_rel_strength_7,0.0171208272728751,ridge,9
rng_tr_norm,0.016791975192862876,ridge,9
xa_excess_ret_lag1,0.016112598964411154,ridge,9
tech_stoch_k_14,0.016085531632459044,ridge,9
xa_market_ret_mean_5,0.015556007794514094,ridge,9
aux_splycur_z63,0.015200596223853403,ridge,9
px_ret_std_5,0.014920952822690372,ridge,9
rng_atr_14_norm,0.014333510718333026,ridge,9
px_ret_3,0.013408344193241533,ridge,9
px_ret_skew_63,0.013103239093461424,ridge,9
rng_intraday,0.012788608232868431,ridge,9
rng_parkinson_5,0.01245805137304359,ridge,9
px_cumret_7,0.012258748419492548,ridge,9
aux_adractcnt_chg_7,0.011781800863833895,ridge,9
px_ret_21,0.011406516408712349,ridge,9
px_ret_mean_21,0.011406516408712349,ridge,9
tech_macd_hist_norm,0.011262811061616024,ridge,9
vol_log1p_volume,0.011083530436046431,ridge,9
tech_bb_pos_20,0.01095527100554036,ridge,9
px_dist_min_21,0.010865603728791907,ridge,9
px_ret_mean_63,0.010207793683302609,ridge,9
cal_moy_cos,0.009833392602794637,ridge,9
px_ret_10,0.009740964404976921,ridge,9
px_ret_mean_10,0.00974096440497692,ridge,9
px_ret_std_21,0.009280853530842589,ridge,9
px_ret_std_63,0.009250957889137006,ridge,9
px_cumret_90,0.00909819976373698,ridge,9
aux_txcnt_chg_7,0.008519977381879791,ridge,9
px_ret_kurt_21,0.008480620107817822,ridge,9
xa_ref_vol_21,0.00837521440294338,ridge,9
px_dist_max_63,0.007670247593631644,ridge,9
tech_rsi_14,0.0071740204411667955,ridge,9
px_dist_min_63,0.0069152623504850986,ridge,9
px_cumret_30,0.0060507586150528574,ridge,9
vol_ret_corr_21,0.005204830571719777,ridge,9
xa_rank_ret_lag1,0.004779706868534942,ridge,9
vol_qv_median_ratio_63,0.004416759078481369,ridge,9
cal_dom_sin,0.004062984694922353,ridge,9
aux_fng_chg_7,0.003635174492029977,ridge,9
xa_corr_ref_90,0.003611209610036378,ridge,9
px_dist_max_21,0.0035276313669330038,ridge,9
rng_garman_klass_21,0.0034684967022399938,ridge,9
xa_corr_ref_30,0.003378369605898084,ridge,9
aux_adractcnt_z63,0.003130111189794105,ridge,9
tech_macd_line_norm,0.003017054859982696,ridge,9
vol_taker_buy_ratio_dev,0.0027485821230921414,ridge,9
vol_taker_buy_ratio,0.002748582123092125,ridge,9
tech_obv_zscore_21,0.0024321383995919792,ridge,9
px_ret_mean_5,0.002011990087164296,ridge,9
px_ret_5,0.0020119900871642935,ridge,9
tech_macd_signal_norm,0.001871031862250311,ridge,9
vol_zscore_21,0.0017631692113959986,ridge,9
aux_fng_z_63,0.0017224653218017895,ridge,9
px_ret_std_10,0.0013594933260621359,ridge,9
tech_stoch_d_14,0.001289729250435407,ridge,9
rng_parkinson_21,0.000701730665628001,ridge,9
vol_trades_zscore_21,0.000626956479951192,ridge,9
xa_ref_ret_mean_5,0.0003051796290094761,ridge,9
rng_close_position,0.07121638899294819,ridge,10
px_ret_1,0.05987237384139594,ridge,10
cal_dow_cos,0.047761067202803514,ridge,10
cal_dom_cos,0.04535242137424277,ridge,10
aux_splycur_chg_7,0.0446649135184217,ridge,10
xa_market_dispersion,0.03872884247016975,ridge,10
aux_fng,0.03111505840569464,ridge,10
xa_ref_ret_lag1,0.02976821632945336,ridge,10
aux_txcnt_z63,0.02897511705664772,ridge,10
cal_dow_sin,0.02869712783420576,ridge,10
xa_market_ret_lag1,0.02845984968139092,ridge,10
vol_taker_buy_ratio_mean_7,0.0265057743058799,ridge,10
xa_ref_ret_lag2,0.026468671474520332,ridge,10
px_ret_skew_21,0.025941646402045253,ridge,10
rng_cc_parkinson_ratio_21,0.025791736566588744,ridge,10
cal_is_weekend,0.024712534256343104,ridge,10
rng_garman_klass_5,0.02250313333389859,ridge,10
cal_moy_sin,0.02146877043837394,ridge,10
px_ret_kurt_63,0.020389404452369093,ridge,10
px_ret_skew_63,0.019685685818639553,ridge,10
px_ret_2,0.019615304092589346,ridge,10
vol_log1p_quote_volume,0.01916421320458757,ridge,10
xa_rel_strength_30,0.019052722991750533,ridge,10
xa_rel_strength_7,0.018243701486985477,ridge,10
px_ret_3,0.01693011184963672,ridge,10
aux_splycur_z63,0.01583429841223426,ridge,10
cal_moy_cos,0.015435986755387182,ridge,10
rng_tr_norm,0.015065565737498515,ridge,10
px_ret_21,0.014969127337936728,ridge,10
px_ret_mean_21,0.014969127337936726,ridge,10
rng_atr_14_norm,0.014744336460282214,ridge,10
rng_parkinson_5,0.014629054857439075,ridge,10
px_cumret_30,0.014420460054526827,ridge,10
px_cumret_90,0.014042441940633347,ridge,10
tech_macd_hist_norm,0.013517210954252791,ridge,10
xa_market_ret_mean_5,0.012993134542275728,ridge,10
px_ret_kurt_21,0.01229360030460198,ridge,10
tech_stoch_k_14,0.012236570219791366,ridge,10
px_dist_min_21,0.012145951552139416,ridge,10
rng_intraday,0.01207420910028487,ridge,10
px_ret_mean_63,0.010275743138247922,ridge,10
xa_ref_vol_21,0.01020173685655081,ridge,10
vol_log1p_volume,0.010140383054188384,ridge,10
px_dist_max_21,0.009995574236662783,ridge,10
xa_excess_ret_lag1,0.009891134423022665,ridge,10
px_ret_std_5,0.009618399561149784,ridge,10
tech_macd_line_norm,0.009017124967900083,ridge,10
aux_txcnt_chg_7,0.00897260128541512,ridge,10
vol_ret_corr_21,0.008415634650565986,ridge,10
tech_macd_signal_norm,0.008355959450253607,ridge,10
rng_garman_klass_21,0.008301628337165724,ridge,10
vol_trades_zscore_21,0.007864348950983362,ridge,10
aux_adractcnt_chg_7,0.007154463651473155,ridge,10
px_cumret_7,0.006504650027577541,ridge,10
vol_zscore_21,0.0064528820022105695,ridge,10
tech_bb_pos_20,0.0062270127479762466,ridge,10
px_ret_mean_5,0.005888483043863881,ridge,10
px_ret_5,0.005888483043863876,ridge,10
px_ret_mean_10,0.005761819238378488,ridge,10
px_ret_10,0.005761819238378486,ridge,10
px_ret_std_63,0.005705660921775623,ridge,10
aux_fng_z_63,0.005483738532766448,ridge,10
px_dist_min_63,0.005456573055176793,ridge,10
cal_dom_sin,0.005300567107062218,ridge,10
xa_rank_ret_lag1,0.005201841250308209,ridge,10
rng_parkinson_21,0.005110019697148193,ridge,10
tech_rsi_14,0.004729110145740438,ridge,10
px_dist_max_63,0.004407152957738224,ridge,10
px_ret_std_21,0.0043896385425129004,ridge,10
aux_adractcnt_z63,0.0041576058964994285,ridge,10
xa_ref_ret_mean_5,0.0037098136750794907,ridge,10
vol_qv_median_ratio_63,0.0033966665438362625,ridge,10
px_ret_std_10,0.003309761327722413,ridge,10
aux_fng_chg_7,0.002711781609915691,ridge,10
xa_corr_ref_90,0.0008388244413305723,ridge,10
tech_obv_zscore_21,0.0007849265261326356,ridge,10
xa_corr_ref_30,0.0006596371733114384,ridge,10
tech_stoch_d_14,0.00045644817336591383,ridge,10
vol_taker_buy_ratio_dev,2.9218233915354687e-05,ridge,10
vol_taker_buy_ratio,2.9218233915351407e-05,ridge,10
rng_close_position,0.07400837391010606,ridge,11
cal_dom_cos,0.057761303895945394,ridge,11
px_ret_1,0.05372608790064172,ridge,11
cal_dow_cos,0.048528853943112536,ridge,11
aux_splycur_chg_7,0.046482556306486955,ridge,11
aux_txcnt_z63,0.03362440992368957,ridge,11
px_ret_skew_21,0.03260866670725858,ridge,11
aux_fng,0.03221323075774956,ridge,11
xa_market_dispersion,0.03051824151170917,ridge,11
vol_taker_buy_ratio_mean_7,0.02809096815378404,ridge,11
xa_ref_ret_lag1,0.027109354881254967,ridge,11
rng_cc_parkinson_ratio_21,0.026958981634947362,ridge,11
vol_log1p_quote_volume,0.02515090734355649,ridge,11
xa_market_ret_lag1,0.02477980669664426,ridge,11
cal_is_weekend,0.02457480189468017,ridge,11
xa_ref_ret_lag2,0.022297237266808843,ridge,11
rng_tr_norm,0.0209130016333106,ridge,11
rng_garman_klass_5,0.020868745222851297,ridge,11
cal_moy_sin,0.01929204100598043,ridge,11
xa_rel_strength_7,0.018604879031493812,ridge,11
px_ret_kurt_63,0.018254530726722066,ridge,11
rng_intraday,0.018129156045495604,ridge,11
aux_splycur_z63,0.018007775293093047,ridge,11
px_ret_3,0.01760019341963557,ridge,11
vol_log1p_volume,0.01641930545170022,ridge,11
px_ret_mean_21,0.01605127094615364,ridge,11
px_ret_21,0.01605127094615363,ridge,11
px_ret_skew_63,0.015266591636214022,ridge,11
px_ret_2,0.014851381481766325,ridge,11
xa_rel_strength_30,0.014342637231534762,ridge,11
rng_parkinson_5,0.01389924519625814,ridge,11
px_cumret_30,0.01329267835781232,ridge,11
tech_stoch_k_14,0.012806166975824353,ridge,11
rng_atr_14_norm,0.012415298173483889,ridge,11
cal_dow_sin,0.012361091502377259,ridge,11
tech_macd_hist_norm,0.012160485788449528,ridge,11
cal_moy_cos,0.01130488361163895,ridge,11
rng_garman_klass_21,0.011213839405971265,ridge,11
xa_ref_vol_21,0.010646553890964553,ridge,11
aux_fng_z_63,0.00973463753994094,ridge,11
aux_adractcnt_chg_7,0.009195149907792308,ridge,11
px_ret_kurt_21,0.00901391221982751,ridge,11
px_dist_min_21,0.008686827559796087,ridge,11
xa_market_ret_mean_5,0.008614052938234975,ridge,11
tech_macd_line_norm,0.008536483389228557,ridge,11
px_cumret_90,0.008457702770449738,ridge,11
vol_trades_zscore_21,0.007960018670371893,ridge,11
xa_excess_ret_lag1,0.007939919953109938,ridge,11
rng_parkinson_21,0.007407736167992906,ridge,11
vol_ret_corr_21,0.00737793688610823,ridge,11
px_ret_std_5,0.007281406368796192,ridge,11
px_dist_max_21,0.006946444991493842,ridge,11
tech_macd_signal_norm,0.0066560474774694164,ridge,11
vol_zscore_21,0.006602546507180347,ridge,11
px_ret_mean_5,0.006488617193688773,ridge,11
px_ret_5,0.006488617193688772,ridge,11
aux_txcnt_chg_7,0.006399096182922126,ridge,11
px_ret_mean_10,0.0047614266519935,ridge,11
px_ret_10,0.004761426651993499,ridge,11
cal_dom_sin,0.004191103754348011,ridge,11
px_ret_std_21,0.004102457853849361,ridge,11
tech_bb_pos_20,0.003997521543995771,ridge,11
xa_rank_ret_lag1,0.0038362155423313777,ridge,11
px_ret_mean_63,0.00326330727525455,ridge,11
aux_fng_chg_7,0.003092513847435191,ridge,11
px_cumret_7,0.0027766433852516414,ridge,11
px_dist_min_63,0.002714481458942737,ridge,11
xa_corr_ref_30,0.0024195026033535724,ridge,11
px_ret_std_63,0.0023622808150838737,ridge,11
tech_rsi_14,0.002357954072602686,ridge,11
px_dist_max_63,0.0020931653843120498,ridge,11
vol_qv_median_ratio_63,0.001951048351270067,ridge,11
vol_taker_buy_ratio_dev,0.0010696270091668154,ridge,11
vol_taker_buy_ratio,0.0010696270091667993,ridge,11
xa_ref_ret_mean_5,0.00047780241093945303,ridge,11
tech_stoch_d_14,0.0003861729458494195,ridge,11
xa_corr_ref_90,0.0002622663543474137,ridge,11
aux_adractcnt_z63,0.00023770812682468118,ridge,11
tech_obv_zscore_21,4.9861006920158134e-05,ridge,11
px_ret_std_10,1.2986597179526248e-05,ridge,11
rng_close_position,0.06891334039875313,ridge,12
cal_dom_cos,0.05785758038852909,ridge,12
px_ret_1,0.050241068269233684,ridge,12
aux_splycur_chg_7,0.0463783478229362,ridge,12
cal_dow_cos,0.04061556411203711,ridge,12
px_ret_skew_21,0.034074974684701775,ridge,12
aux_fng,0.032635452678543495,ridge,12
xa_market_dispersion,0.029517281562242474,ridge,12
vol_taker_buy_ratio_mean_7,0.02767179643026935,ridge,12
aux_txcnt_z63,0.026541575210595414,ridge,12
cal_is_weekend,0.02413882721166519,ridge,12
vol_log1p_quote_volume,0.02239318042401178,ridge,12
aux_splycur_z63,0.02205308109090232,ridge,12
xa_ref_ret_lag1,0.021641795022522732,ridge,12
rng_garman_klass_5,0.021382106154480256,ridge,12
px_ret_3,0.02121573766236497,ridge,12
rng_tr_norm,0.020721475690578025,ridge,12
xa_ref_ret_lag2,0.02051258803489852,ridge,12
cal_moy_sin,0.019883420547886662,ridge,12
cal_dow_sin,0.019554249631841606,ridge,12
px_ret_kurt_63,0.019402167846110378,ridge,12
vol_log1p_volume,0.018601291463606447,ridge,12
rng_cc_parkinson_ratio_21,0.018441324975130083,ridge,12
rng_intraday,0.01782069587443414,ridge,12
xa_rel_strength_7,0.0170354410045531,ridge,12
px_ret_2,0.016575541618445468,ridge,12
px_ret_mean_21,0.015201987475848737,ridge,12
px_ret_21,0.015201987475848736,ridge,12
px_ret_skew_63,0.015185687412933656,ridge,12
tech_stoch_k_14,0.014853321138703838,ridge,12
xa_market_ret_lag1,0.014253976842823144,ridge,12
px_ret_std_5,0.014194005485269449,ridge,12
rng_atr_14_norm,0.012684545707769532,ridge,12
px_cumret_30,0.012525646845019844,ridge,12
rng_parkinson_5,0.012510876403147159,ridge,12
xa_ref_vol_21,0.011787801621899246,ridge,12
px_cumret_90,0.011723601652435352,ridge,12
rng_garman_klass_21,0.011458432906002264,ridge,12
px_ret_kurt_21,0.011457767993709664,ridge,12
tech_macd_hist_norm,0.011226151025765319,ridge,12
aux_fng_z_63,0.010836274728643016,ridge,12
px_ret_5,0.01055553125196178,ridge,12
px_ret_mean_5,0.010555531251961773,ridge,12
cal_dom_sin,0.010013699470318575,ridge,12
xa_rel_strength_30,0.00958593005857534,ridge,12
tech_macd_line_norm,0.008514309239373958,ridge,12
vol_zscore_21,0.008413865885517239,ridge,12
cal_moy_cos,0.008297953609702683,ridge,12
aux_fng_chg_7,0.008088969641636039,ridge,12
rng_parkinson_21,0.007989225274709707,ridge,12
tech_macd_signal_norm,0.007281315274484156,ridge,12
vol_ret_corr_21,0.0068639156486596615,ridge,12
aux_txcnt_chg_7,0.006749998811746892,ridge,12
px_dist_min_21,0.006561133102706442,ridge,12
px_dist_max_21,0.005491056055443677,ridge,12
xa_ref_ret_mean_5,0.005481592859461864,ridge,12
aux_adractcnt_chg_7,0.005472702822352405,ridge,12
vol_trades_zscore_21,0.0053430880378358995,ridge,12
xa_market_ret_mean_5,0.005251412133688309,ridge,12
px_dist_min_63,0.00490445232025224,ridge,12
px_ret_mean_63,0.004016680974859919,ridge,12
xa_rank_ret_lag1,0.003768548912732024,ridge,12
px_ret_mean_10,0.003504273091003377,ridge,12
px_ret_10,0.003504273091003373,ridge,12
px_cumret_7,0.0033024529111983308,ridge,12
aux_adractcnt_z63,0.003027114371781287,ridge,12
xa_excess_ret_lag1,0.002935929570305584,ridge,12
vol_qv_median_ratio_63,0.0027833679911363728,ridge,12
tech_stoch_d_14,0.002753266759458887,ridge,12
vol_taker_buy_ratio,0.002622965843539441,ridge,12
vol_taker_buy_ratio_dev,0.002622965843539429,ridge,12
px_dist_max_63,0.0024448692212692084,ridge,12
px_ret_std_63,0.0021665556088164115,ridge,12
xa_corr_ref_30,0.0019262258027693763,ridge,12
px_ret_std_21,0.0013141070440212542,ridge,12
xa_corr_ref_90,0.0009538694016362038,ridge,12
tech_rsi_14,0.0007049669182338939,ridge,12
px_ret_std_10,0.0004896504674698025,ridge,12
tech_obv_zscore_21,0.00048727187481331625,ridge,12
tech_bb_pos_20,0.00022855509440546833,ridge,12
cal_dom_cos,0.06252664186173078,ridge,13
rng_close_position,0.06134754841699786,ridge,13
px_ret_1,0.05077501738535537,ridge,13
aux_splycur_chg_7,0.0406350211436552,ridge,13
cal_dow_cos,0.04045042744728124,ridge,13
aux_fng,0.03867440357203824,ridge,13
px_ret_skew_21,0.03226252056771176,ridge,13
cal_dow_sin,0.029707353837243516,ridge,13
xa_ref_ret_lag2,0.027601448230590988,ridge,13
cal_is_weekend,0.027246223685512216,ridge,13
vol_taker_buy_ratio_mean_7,0.02516937848180676,ridge,13
px_ret_kurt_63,0.0245570608904732,ridge,13
aux_txcnt_z63,0.02415064682046239,ridge,13
xa_market_dispersion,0.02320946316126473,ridge,13
px_ret_kurt_21,0.01972858399702999,ridge,13
rng_tr_norm,0.018978063315686505,ridge,13
px_ret_21,0.018581907950450692,ridge,13
px_ret_mean_21,0.018581907950450692,ridge,13
xa_ref_ret_lag1,0.018504988508237275,ridge,13
rng_garman_klass_5,0.017739050838164933,ridge,13
xa_rel_strength_7,0.01754663212345085,ridge,13
vol_log1p_quote_volume,0.01718245846819364,ridge,13
rng_intraday,0.01695238491623509,ridge,13
tech_macd_hist_norm,0.01662837360281088,ridge,13
rng_atr_14_norm,0.016624773542617988,ridge,13
px_ret_2,0.01640044502895118,ridge,13
xa_market_ret_lag1,0.015714273598528616,ridge,13
px_ret_skew_63,0.01527974713660159,ridge,13
px_dist_max_21,0.014998451647104498,ridge,13
cal_moy_sin,0.014951717720075718,ridge,13
px_cumret_30,0.014849200672437614,ridge,13
px_ret_std_5,0.014015676319631349,ridge,13
px_ret_3,0.013831704197392403,ridge,13
px_cumret_90,0.013694801095228724,ridge,13
vol_log1p_volume,0.01368577345620066,ridge,13
xa_ref_vol_21,0.01257898514248343,ridge,13
tech_stoch_k_14,0.011769816135867101,ridge,13
rng_cc_parkinson_ratio_21,0.010301795426544302,ridge,13
rng_garman_klass_21,0.010291175070390455,ridge,13
rng_parkinson_5,0.009761894450139934,ridge,13
xa_rel_strength_30,0.009696479971546218,ridge,13
tech_macd_line_norm,0.009289648380358666,ridge,13
vol_zscore_21,0.008908809664100877,ridge,13
vol_ret_corr_21,0.008535224687616779,ridge,13
px_ret_mean_5,0.00849695942034569,ridge,13
px_ret_5,0.008496959420345689,ridge,13
vol_trades_zscore_21,0.00849591150318566,ridge,13
aux_fng_chg_7,0.008487867754240465,ridge,13
rng_parkinson_21,0.0072929104229583295,ridge,13
aux_fng_z_63,0.006934406274633812,ridge,13
px_ret_mean_63,0.0066840466460544356,ridge,13
aux_adractcnt_z63,0.006631191269934586,ridge,13
tech_macd_signal_norm,0.006609657366367911,ridge,13
vol_qv_median_ratio_63,0.006456798540343355,ridge,13
aux_txcnt_chg_7,0.0061001290911610615,ridge,13
xa_corr_ref_90,0.0057164236736587425,ridge,13
aux_splycur_z63,0.005612800592499965,ridge,13
cal_dom_sin,0.005585268878424026,ridge,13
px_dist_min_21,0.005557718599475708,ridge,13
xa_rank_ret_lag1,0.005059355161096814,ridge,13
xa_ref_ret_mean_5,0.004830674271015031,ridge,13
xa_excess_ret_lag1,0.004145498597170916,ridge,13
aux_adractcnt_chg_7,0.0039737752403405085,ridge,13
cal_moy_cos,0.003833032968094005,ridge,13
px_cumret_7,0.0033965665651186482,ridge,13
tech_obv_zscore_21,0.0033939665758756566,ridge,13
px_ret_10,0.0025972152113903995,ridge,13
px_ret_mean_10,0.0025972152113903986,ridge,13
vol_taker_buy_ratio,0.002377586245221425,ridge,13
vol_taker_buy_ratio_dev,0.002377586245221408,ridge,13
px_ret_std_10,0.002066140058253585,ridge,13
px_dist_min_63,0.001213264478421844,ridge,13
tech_stoch_d_14,0.0012016136607907353,ridge,13
tech_bb_pos_20,0.0008927114221237448,ridge,13
xa_market_ret_mean_5,0.0008803673319747623,ridge,13
xa_corr_ref_30,0.0007193973378347165,ridge,13
px_ret_std_63,0.0005643324148765809,ridge,13
px_dist_max_63,0.000330074198531157,ridge,13
px_ret_std_21,0.00011784084851400894,ridge,13
tech_rsi_14,7.3452349788363544e-06,ridge,13
rng_close_position,0.06858159046376303,ridge,14
px_ret_1,0.051816141051471344,ridge,14
cal_dom_cos,0.05109618832323509,ridge,14
xa_ref_ret_lag2,0.03913206728929654,ridge,14
aux_fng,0.03890671958375042,ridge,14
cal_is_weekend,0.035861944965402286,ridge,14
aux_splycur_chg_7,0.03567683489043039,ridge,14
px_ret_skew_21,0.03338418702912633,ridge,14
cal_dow_sin,0.03294707736042971,ridge,14
cal_dow_cos,0.03162631616598878,ridge,14
xa_market_dispersion,0.029909033100790315,ridge,14
vol_taker_buy_ratio_mean_7,0.02743159205004963,ridge,14
px_ret_kurt_63,0.026038183028612633,ridge,14
rng_tr_norm,0.020317392503027706,ridge,14
xa_ref_vol_21,0.020262919352122558,ridge,14
xa_ref_ret_lag1,0.01968923113564213,ridge,14
aux_txcnt_z63,0.019447443464784855,ridge,14
px_ret_kurt_21,0.019401256355715296,ridge,14
xa_rel_strength_7,0.0189645908957193,ridge,14
rng_intraday,0.018071344514474685,ridge,14
px_ret_mean_21,0.017797457252718144,ridge,14
px_ret_21,0.017797457252718137,ridge,14
tech_macd_hist_norm,0.017759008917684685,ridge,14
px_ret_skew_63,0.017753754864893185,ridge,14
rng_garman_klass_5,0.01754859224544872,ridge,14
px_ret_2,0.016893825841097436,ridge,14
vol_log1p_quote_volume,0.016755071323767624,ridge,14
rng_atr_14_norm,0.016673854135376878,ridge,14
px_cumret_30,0.016420918754991222,ridge,14
cal_dom_sin,0.015505217852758943,ridge,14
px_dist_max_21,0.014960702177772777,ridge,14
aux_fng_chg_7,0.014645640395851483,ridge,14
vol_log1p_volume,0.01318803622336667,ridge,14
xa_market_ret_lag1,0.011610751165978062,ridge,14
aux_splycur_z63,0.010963858816926722,ridge,14
px_ret_5,0.010819873942218864,ridge,14
px_ret_mean_5,0.010819873942218857,ridge,14
rng_parkinson_5,0.01052745670965547,ridge,14
vol_ret_corr_21,0.010350444309824599,ridge,14
px_ret_3,0.010161878927890307,ridge,14
rng_cc_parkinson_ratio_21,0.009830647901553009,ridge,14
tech_stoch_k_14,0.009814606750642482,ridge,14
vol_zscore_21,0.009670508322208752,ridge,14
xa_rel_strength_30,0.009520623124349604,ridge,14
tech_macd_line_norm,0.009150488727415034,ridge,14
px_cumret_90,0.008850673258048392,ridge,14
rng_garman_klass_21,0.008502287327559942,ridge,14
cal_moy_sin,0.008364219227107119,ridge,14
aux_fng_z_63,0.007076461603272471,ridge,14
vol_trades_zscore_21,0.0068429180037835186,ridge,14
px_ret_std_5,0.006620332704836791,ridge,14
tech_macd_signal_norm,0.006544202244786327,ridge,14
px_dist_min_21,0.006506928442492077,ridge,14
xa_corr_ref_90,0.005922282559066277,ridge,14
rng_parkinson_21,0.005749972353509083,ridge,14
vol_qv_median_ratio_63,0.0057449134678274755,ridge,14
px_ret_mean_63,0.0054751122746915706,ridge,14
px_ret_std_10,0.005409083469692802,ridge,14
px_ret_10,0.005267008135153908,ridge,14
px_ret_mean_10,0.005267008135153894,ridge,14
aux_adractcnt_z63,0.004960691609199228,ridge,14
tech_bb_pos_20,0.004940439210885217,ridge,14
px_cumret_7,0.004813145036123981,ridge,14
aux_txcnt_chg_7,0.004233715648535896,ridge,14
px_ret_std_63,0.002929128729421783,ridge,14
vol_taker_buy_ratio,0.002575534377684114,ridge,14
vol_taker_buy_ratio_dev,0.002575534377684086,ridge,14
aux_adractcnt_chg_7,0.0025599876148889047,ridge,14
tech_stoch_d_14,0.0021176012675879546,ridge,14
xa_rank_ret_lag1,0.002064622892216777,ridge,14
cal_moy_cos,0.002063786452189915,ridge,14
xa_excess_ret_lag1,0.001865203123102251,ridge,14
xa_ref_ret_mean_5,0.0018141076568344591,ridge,14
px_dist_min_63,0.001728669423049799,ridge,14
px_ret_std_21,0.0010813663679811267,ridge,14
xa_market_ret_mean_5,0.0007266935326617607,ridge,14
tech_rsi_14,0.0006716963201338203,ridge,14
tech_obv_zscore_21,0.0005931169040938708,ridge,14
xa_corr_ref_30,0.0005386430177869306,ridge,14
px_dist_max_63,0.00037336200136122306,ridge,14
rng_close_position,0.06109706764719612,ridge,15
px_ret_1,0.05529774149076172,ridge,15
cal_dom_cos,0.047867814026597934,ridge,15
aux_fng,0.044835995259099586,ridge,15
cal_dow_cos,0.03643669745414671,ridge,15
cal_dow_sin,0.03616528059227141,ridge,15
cal_is_weekend,0.03491887019475334,ridge,15
xa_ref_ret_lag2,0.03448472839793382,ridge,15
aux_splycur_chg_7,0.03315888155649685,ridge,15
xa_market_dispersion,0.03209716386965112,ridge,15
px_ret_skew_21,0.03123266755960054,ridge,15
px_ret_kurt_63,0.02872867974780094,ridge,15
xa_rel_strength_7,0.028371838323458246,ridge,15
aux_txcnt_z63,0.025498473117404594,ridge,15
vol_taker_buy_ratio_mean_7,0.02497757890183969,ridge,15
xa_ref_ret_lag1,0.024739642172099677,ridge,15
tech_macd_hist_norm,0.022644994540768668,ridge,15
xa_market_ret_lag1,0.022038885795723485,ridge,15
xa_ref_vol_21,0.02099465654195923,ridge,15
px_ret_skew_63,0.020504997664326383,ridge,15
aux_fng_chg_7,0.020125185421147607,ridge,15
px_ret_21,0.018517851007690746,ridge,15
px_ret_mean_21,0.018517851007690735,ridge,15
rng_atr_14_norm,0.0182337579545858,ridge,15
cal_dom_sin,0.017547226541312713,ridge,15
rng_tr_norm,0.017533533846576688,ridge,15
px_ret_kurt_21,0.017117767509873313,ridge,15
vol_ret_corr_21,0.01648696653061217,ridge,15
tech_stoch_k_14,0.01509265066411405,ridge,15
rng_intraday,0.014905625414436694,ridge,15
px_cumret_30,0.014301769278237446,ridge,15
rng_garman_klass_5,0.014102364965602274,ridge,15
px_ret_2,0.013607436768640768,ridge,15
xa_rel_strength_30,0.013450502673975014,ridge,15
px_dist_max_21,0.012423801950871692,ridge,15
vol_log1p_quote_volume,0.011766580486979678,ridge,15
px_ret_5,0.011756316401611152,ridge,15
px_ret_mean_5,0.011756316401611141,ridge,15
px_ret_3,0.011347899447611672,ridge,15
px_ret_mean_63,0.01021839516397042,ridge,15
aux_fng_z_63,0.010136310362155933,ridge,15
px_ret_std_5,0.009966758569233505,ridge,15
vol_zscore_21,0.009852207362807766,ridge,15
vol_log1p_volume,0.009813194038105285,ridge,15
rng_cc_parkinson_ratio_21,0.009442393200003663,ridge,15
tech_macd_line_norm,0.00923018702851457,ridge,15
aux_splycur_z63,0.008844204915678876,ridge,15
px_cumret_7,0.00847773618138393,ridge,15
rng_garman_klass_21,0.008468909292641566,ridge,15
px_dist_min_21,0.008468214969257882,ridge,15
px_ret_10,0.008106200228817854,ridge,15
px_ret_mean_10,0.008106200228817854,ridge,15
px_cumret_90,0.00751578214826138,ridge,15
rng_parkinson_5,0.006889135273801169,ridge,15
cal_moy_cos,0.006323473743172939,ridge,15
xa_market_ret_mean_5,0.006318048900439454,ridge,15
xa_corr_ref_90,0.005990861916997424,ridge,15
rng_parkinson_21,0.005574157956302345,ridge,15
vol_trades_zscore_21,0.0055168271513143016,ridge,15
tech_macd_signal_norm,0.005432305337903889,ridge,15
px_ret_std_10,0.004956126131017636,ridge,15
tech_bb_pos_20,0.004732839435303988,ridge,15
cal_moy_sin,0.004222469963436338,ridge,15
aux_txcnt_chg_7,0.0036317036268983492,ridge,15
xa_ref_ret_mean_5,0.0035658172569338004,ridge,15
px_ret_std_63,0.0035040672723977086,ridge,15
px_dist_max_63,0.0027776867161806397,ridge,15
tech_obv_zscore_21,0.00251023239266802,ridge,15
xa_excess_ret_lag1,0.002330124398149182,ridge,15
vol_taker_buy_ratio_dev,0.002123095253863817,ridge,15
vol_taker_buy_ratio,0.0021230952538637713,ridge,15
aux_adractcnt_z63,0.0020709014559799764,ridge,15
tech_stoch_d_14,0.0016067970890870952,ridge,15
px_ret_std_21,0.001442797939597446,ridge,15
xa_corr_ref_30,0.001323460850967296,ridge,15
aux_adractcnt_chg_7,0.0011807971887344002,ridge,15
px_dist_min_63,0.000850834900333972,ridge,15
tech_rsi_14,0.0008022622225317696,ridge,15
vol_qv_median_ratio_63,0.0006523802886068007,ridge,15
xa_rank_ret_lag1,0.0006222382127137665,ridge,15
rng_close_position,0.06292229918518996,ridge,16
px_ret_1,0.05480353829340301,ridge,16
aux_fng,0.05251997569019553,ridge,16
cal_dom_cos,0.04739851209615771,ridge,16
px_ret_skew_21,0.03420676520578148,ridge,16
xa_market_dispersion,0.034081612501702586,ridge,16
cal_dow_cos,0.03384032259186434,ridge,16
xa_ref_ret_lag2,0.033228593546667066,ridge,16
aux_splycur_chg_7,0.03081549316616606,ridge,16
px_ret_kurt_63,0.03036936569227665,ridge,16
xa_rel_strength_7,0.030317464029563698,ridge,16
aux_txcnt_z63,0.028374793091586966,ridge,16
cal_dow_sin,0.028260440117251855,ridge,16
cal_is_weekend,0.026359804142172795,ridge,16
rng_tr_norm,0.02381114374062041,ridge,16
px_ret_skew_63,0.023782266702744467,ridge,16
vol_taker_buy_ratio_mean_7,0.023080755822478087,ridge,16
xa_ref_ret_lag1,0.022590567149957667,ridge,16
xa_market_ret_lag1,0.02160489179240155,ridge,16
px_ret_kurt_21,0.02119968252064727,ridge,16
rng_intraday,0.020846077946568647,ridge,16
px_ret_21,0.020707462410354018,ridge,16
px_ret_mean_21,0.020707462410354014,ridge,16
xa_ref_vol_21,0.02048050773207527,ridge,16
tech_macd_hist_norm,0.020180252794919435,ridge,16
rng_atr_14_norm,0.01742782859618523,ridge,16
aux_fng_chg_7,0.017299304311824852,ridge,16
tech_stoch_k_14,0.015207465702378364,ridge,16
xa_rel_strength_30,0.015098246936672107,ridge,16
rng_garman_klass_5,0.0150167888505422,ridge,16
px_cumret_30,0.013448647864597827,ridge,16
aux_splycur_z63,0.013038279693765687,ridge,16
px_ret_mean_5,0.01293606421971587,ridge,16
px_ret_5,0.012936064219715862,ridge,16
px_ret_2,0.012522765016681486,ridge,16
px_ret_std_5,0.012314480300758105,ridge,16
rng_cc_parkinson_ratio_21,0.011529187190886832,ridge,16
vol_ret_corr_21,0.01144236002528154,ridge,16
px_ret_mean_63,0.010840864955651789,ridge,16
tech_macd_line_norm,0.01063464288265424,ridge,16
px_dist_max_21,0.0106201575007588,ridge,16
xa_ref_ret_mean_5,0.01051247428142725,ridge,16
cal_moy_cos,0.010363205376802258,ridge,16
px_dist_min_21,0.010325660142563774,ridge,16
cal_dom_sin,0.010065183348325613,ridge,16
px_cumret_90,0.00951476977777789,ridge,16
vol_zscore_21,0.009450105058860788,ridge,16
px_ret_3,0.009240028396114534,ridge,16
xa_market_ret_mean_5,0.009070967871132766,ridge,16
rng_garman_klass_21,0.008970471902932165,ridge,16
rng_parkinson_5,0.008802865734230801,ridge,16
cal_moy_sin,0.008083520479786933,ridge,16
tech_macd_signal_norm,0.007848493903448921,ridge,16
aux_txcnt_chg_7,0.006969251886196642,ridge,16
px_ret_std_10,0.006893094318697692,ridge,16
aux_fng_z_63,0.006779936740608482,ridge,16
px_cumret_7,0.006111165394712873,ridge,16
rng_parkinson_21,0.005819162417941312,ridge,16
px_ret_10,0.005720495753895348,ridge,16
px_ret_mean_10,0.005720495753895341,ridge,16
xa_corr_ref_90,0.00540459498808993,ridge,16
vol_log1p_quote_volume,0.004998581268300044,ridge,16
px_ret_std_63,0.0049111018953438895,ridge,16
tech_stoch_d_14,0.0039703853644608685,ridge,16
vol_log1p_volume,0.003793175484493925,ridge,16
tech_obv_zscore_21,0.003323891179936407,ridge,16
aux_adractcnt_z63,0.0029597990864089494,ridge,16
xa_rank_ret_lag1,0.0019088488492314483,ridge,16
xa_excess_ret_lag1,0.0018989526246370103,ridge,16
aux_adractcnt_chg_7,0.001549810626706355,ridge,16
vol_taker_buy_ratio_dev,0.00147658467854868,ridge,16
vol_taker_buy_ratio,0.0014765846785486734,ridge,16
px_ret_std_21,0.0014498665945773723,ridge,16
vol_trades_zscore_21,0.0014377931944349724,ridge,16
px_dist_max_63,0.0010249276979841376,ridge,16
px_dist_min_63,0.0009201397100914476,ridge,16
xa_corr_ref_30,0.0008664828937420623,ridge,16
vol_qv_median_ratio_63,0.0003285183272693401,ridge,16
tech_bb_pos_20,0.00022065588765352725,ridge,16
tech_rsi_14,0.00020286415498806026,ridge,16
rng_close_position,0.059574273076379795,ridge,17
aux_fng,0.057084548631518614,ridge,17
px_ret_1,0.05424548265511521,ridge,17
cal_dom_cos,0.04935623343374823,ridge,17
px_ret_skew_21,0.040703647856351804,ridge,17
cal_is_weekend,0.03769238084236643,ridge,17
xa_ref_ret_lag2,0.0324435545796761,ridge,17
cal_dow_cos,0.03236538813683896,ridge,17
xa_rel_strength_7,0.03013117901319548,ridge,17
aux_splycur_chg_7,0.028262282143361135,ridge,17
cal_dow_sin,0.02710521779634383,ridge,17
rng_tr_norm,0.026820561830227477,ridge,17
vol_taker_buy_ratio_mean_7,0.02664925826015102,ridge,17
px_ret_skew_63,0.024727909742775243,ridge,17
px_ret_kurt_21,0.024494631988615338,ridge,17
rng_intraday,0.024458047213039288,ridge,17
xa_ref_vol_21,0.02395585476867622,ridge,17
xa_market_dispersion,0.023779589696567897,ridge,17
aux_txcnt_z63,0.023328129509807817,ridge,17
px_ret_kurt_63,0.02328099691970742,ridge,17
px_ret_21,0.019963429574238342,ridge,17
px_ret_mean_21,0.01996342957423832,ridge,17
cal_dom_sin,0.019359731761354766,ridge,17
xa_ref_ret_lag1,0.018447458042235233,ridge,17
rng_garman_klass_5,0.018056142764393875,ridge,17
xa_market_ret_lag1,0.01711731343522238,ridge,17
xa_rel_strength_30,0.01690453414055081,ridge,17
aux_fng_chg_7,0.016783197586431424,ridge,17
rng_atr_14_norm,0.016685103761189764,ridge,17
tech_macd_hist_norm,0.014320063344075455,ridge,17
tech_stoch_k_14,0.01402243375334384,ridge,17
aux_splycur_z63,0.01369914986273766,ridge,17
cal_moy_sin,0.013543928499848435,ridge,17
px_cumret_30,0.013522092751289188,ridge,17
px_ret_2,0.013103138032467827,ridge,17
px_ret_mean_63,0.01236255909705945,ridge,17
xa_market_ret_mean_5,0.012129811636015618,ridge,17
tech_macd_line_norm,0.01146352460805543,ridge,17
px_cumret_90,0.011179212820844806,ridge,17
rng_parkinson_5,0.010845819981839894,ridge,17
px_ret_5,0.010581756076333815,ridge,17
px_ret_mean_5,0.010581756076333814,ridge,17
px_ret_3,0.010402594067464719,ridge,17
vol_zscore_21,0.010331472154520077,ridge,17
px_dist_min_21,0.010129196037271937,ridge,17
px_dist_max_21,0.009807984517499199,ridge,17
rng_garman_klass_21,0.009595948311878056,ridge,17
px_ret_std_10,0.009531473331401601,ridge,17
xa_ref_ret_mean_5,0.00906862756729441,ridge,17
tech_macd_signal_norm,0.009023770074594536,ridge,17
rng_cc_parkinson_ratio_21,0.008664081997086103,ridge,17
vol_ret_corr_21,0.008060900687219463,ridge,17
rng_parkinson_21,0.007129066675146533,ridge,17
px_ret_std_5,0.0070619471329710784,ridge,17
px_cumret_7,0.00704172874044154,ridge,17
aux_adractcnt_z63,0.00600285069229987,ridge,17
px_ret_10,0.005976287805835412,ridge,17
px_ret_mean_10,0.005976287805835346,ridge,17
cal_moy_cos,0.0054381299314325005,ridge,17
px_ret_std_63,0.005300083848704495,ridge,17
aux_adractcnt_chg_7,0.0046817971091447355,ridge,17
aux_txcnt_chg_7,0.0034748512017765193,ridge,17
vol_trades_zscore_21,0.003375078325526893,ridge,17
xa_corr_ref_30,0.0031494511428785455,ridge,17
xa_rank_ret_lag1,0.0029423888911689535,ridge,17
tech_rsi_14,0.002870806015224105,ridge,17
xa_excess_ret_lag1,0.002805654703867392,ridge,17
aux_fng_z_63,0.0025547391850388227,ridge,17
tech_obv_zscore_21,0.002450884239316609,ridge,17
px_dist_min_63,0.002406520867623426,ridge,17
vol_log1p_quote_volume,0.0022451465435114277,ridge,17
tech_bb_pos_20,0.0019300439348358637,ridge,17
xa_corr_ref_90,0.0018852809076484746,ridge,17
vol_qv_median_ratio_63,0.0016803193045266964,ridge,17
px_ret_std_21,0.0012846463559642502,ridge,17
vol_taker_buy_ratio_dev,0.0008157889008656573,ridge,17
vol_taker_buy_ratio,0.0008157889008656091,ridge,17
px_dist_max_63,0.0006773667361263157,ridge,17
vol_log1p_volume,0.00018920600413797033,ridge,17
tech_stoch_d_14,3.462166741889646e-05,ridge,17
rng_close_position,0.06108308972873566,ridge,18
px_ret_1,0.056223039649309366,ridge,18
aux_fng,0.04761597220772024,ridge,18
cal_dom_cos,0.04693491127486481,ridge,18
xa_ref_ret_lag2,0.03721296999325518,ridge,18
cal_is_weekend,0.036352441428023345,ridge,18
px_ret_skew_21,0.035139403933267706,ridge,18
cal_dow_cos,0.03331696714182079,ridge,18
xa_rel_strength_7,0.032113654412679084,ridge,18
aux_splycur_chg_7,0.0292175006862105,ridge,18
vol_taker_buy_ratio_mean_7,0.029104267715767435,ridge,18
cal_dow_sin,0.028976656269702555,ridge,18
rng_tr_norm,0.02612880103011254,ridge,18
px_ret_kurt_63,0.025835191776744662,ridge,18
xa_market_dispersion,0.02459613064193881,ridge,18
rng_intraday,0.023865648530984322,ridge,18
px_ret_kurt_21,0.023860652903869947,ridge,18
px_ret_skew_63,0.02129880690562297,ridge,18
px_ret_mean_21,0.020695873181119644,ridge,18
px_ret_21,0.020695873181119637,ridge,18
aux_txcnt_z63,0.020206201765278493,ridge,18
xa_ref_ret_lag1,0.01928841333145526,ridge,18
px_ret_2,0.016915405913768146,ridge,18
rng_atr_14_norm,0.015205236793654316,ridge,18
aux_splycur_z63,0.015159146121162608,ridge,18
tech_macd_hist_norm,0.015027680658127079,ridge,18
px_dist_max_21,0.014995204855067727,ridge,18
aux_fng_chg_7,0.014758146723666358,ridge,18
xa_rel_strength_30,0.014725234079809479,ridge,18
vol_zscore_21,0.014488210316475276,ridge,18
xa_market_ret_lag1,0.013372998552620346,ridge,18
xa_ref_vol_21,0.012683893740502333,ridge,18
px_cumret_90,0.012666563716806646,ridge,18
rng_garman_klass_5,0.01151682794343901,ridge,18
px_ret_5,0.011381591742687812,ridge,18
px_ret_mean_5,0.01138159174268781,ridge,18
tech_stoch_k_14,0.01126999543543639,ridge,18
vol_ret_corr_21,0.011233372337457515,ridge,18
cal_dom_sin,0.010592362549708068,ridge,18
xa_corr_ref_30,0.010519529342709881,ridge,18
cal_moy_sin,0.01047341330524466,ridge,18
tech_macd_line_norm,0.009954495519757793,ridge,18
px_ret_3,0.00985253762024494,ridge,18
px_ret_std_10,0.00961951356446922,ridge,18
px_dist_min_21,0.009349348465561009,ridge,18
px_ret_std_5,0.009258002514210245,ridge,18
tech_stoch_d_14,0.008745045048558806,ridge,18
xa_ref_ret_mean_5,0.008743431385446336,ridge,18
rng_garman_klass_21,0.008230687475705866,ridge,18
px_cumret_30,0.008206747862731758,ridge,18
px_ret_mean_63,0.008035615075007281,ridge,18
tech_obv_zscore_21,0.007443151927029529,ridge,18
tech_macd_signal_norm,0.0073391629654349245,ridge,18
xa_market_ret_mean_5,0.007129180737125075,ridge,18
rng_parkinson_21,0.006797850830628568,ridge,18
px_ret_10,0.006794582056734968,ridge,18
px_ret_mean_10,0.006794582056734964,ridge,18
px_ret_std_63,0.006620042224347661,ridge,18
rng_parkinson_5,0.006557916572239898,ridge,18
rng_cc_parkinson_ratio_21,0.0063669378982003175,ridge,18
vol_log1p_volume,0.006231316952109007,ridge,18
cal_moy_cos,0.00621378194191297,ridge,18
aux_txcnt_chg_7,0.006142795256520017,ridge,18
aux_fng_z_63,0.0053546538165482735,ridge,18
px_dist_max_63,0.005100852873850459,ridge,18
xa_corr_ref_90,0.005047782578819125,ridge,18
aux_adractcnt_chg_7,0.0049633618352560955,ridge,18
px_cumret_7,0.0049490254810553615,ridge,18
xa_excess_ret_lag1,0.004213271571378417,ridge,18
aux_adractcnt_z63,0.004005109911536604,ridge,18
px_dist_min_63,0.003952629643820262,ridge,18
vol_qv_median_ratio_63,0.0036446456653693323,ridge,18
px_ret_std_21,0.003130199242806216,ridge,18
vol_taker_buy_ratio_dev,0.0028576485832040393,ridge,18
vol_taker_buy_ratio,0.0028576485832040323,ridge,18
vol_trades_zscore_21,0.0015271533803524382,ridge,18
tech_rsi_14,0.0013343852636041116,ridge,18
xa_rank_ret_lag1,0.0004858164269347677,ridge,18
tech_bb_pos_20,0.0003185984721983234,ridge,18
vol_log1p_quote_volume,4.179955621477503e-05,ridge,18
rng_close_position,0.06204251481465406,ridge,19
px_ret_1,0.05541040760636883,ridge,19
aux_fng,0.04529714250680423,ridge,19
cal_dom_cos,0.038224148858420126,ridge,19
xa_ref_ret_lag2,0.0381213398992556,ridge,19
cal_is_weekend,0.03500527770109859,ridge,19
px_ret_skew_21,0.03426015102755139,ridge,19
cal_dow_sin,0.030185548514126546,ridge,19
xa_rel_strength_7,0.027738112714461888,ridge,19
vol_taker_buy_ratio_mean_7,0.027514786255391017,ridge,19
aux_splycur_chg_7,0.027003107669124404,ridge,19
xa_market_dispersion,0.026713663939067635,ridge,19
rng_tr_norm,0.026091608471629224,ridge,19
cal_dow_cos,0.025418103473000296,ridge,19
px_ret_kurt_63,0.024184662104698478,ridge,19
px_ret_mean_21,0.024146137997193916,ridge,19
px_ret_21,0.024146137997193916,ridge,19
rng_intraday,0.023938144138045916,ridge,19
px_ret_kurt_21,0.02282797223031812,ridge,19
xa_ref_ret_lag1,0.019388538536189378,ridge,19
px_ret_skew_63,0.01907591692535061,ridge,19
xa_market_ret_lag1,0.017089512463836776,ridge,19
rng_atr_14_norm,0.016628776726225303,ridge,19
tech_macd_hist_norm,0.01594699403318143,ridge,19
aux_splycur_z63,0.015188513442444245,ridge,19
px_ret_2,0.014948824794354722,ridge,19
vol_zscore_21,0.014828032042840616,ridge,19
px_cumret_30,0.014603974725348174,ridge,19
px_dist_max_21,0.013850554793943811,ridge,19
vol_ret_corr_21,0.013681641171786245,ridge,19
px_cumret_90,0.01356493239774168,ridge,19
aux_fng_chg_7,0.013547848076079777,ridge,19
aux_txcnt_z63,0.013395060155316878,ridge,19
xa_rel_strength_30,0.012570831879076054,ridge,19
rng_garman_klass_5,0.012364400304685693,ridge,19
cal_dom_sin,0.011981687776495857,ridge,19
px_ret_std_5,0.01191073057921655,ridge,19
tech_stoch_d_14,0.011581255269396209,ridge,19
xa_ref_vol_21,0.011072448236095355,ridge,19
px_ret_3,0.011028484085786938,ridge,19
xa_corr_ref_30,0.010839676572828492,ridge,19
px_dist_min_63,0.010085946332696608,ridge,19
px_ret_5,0.010045127988560205,ridge,19
px_ret_mean_5,0.010045127988560198,ridge,19
tech_macd_line_norm,0.009533776448863565,ridge,19
rng_cc_parkinson_ratio_21,0.008943867244653226,ridge,19
cal_moy_sin,0.008852033641740378,ridge,19
aux_adractcnt_z63,0.008631239866082689,ridge,19
aux_fng_z_63,0.008492464455344614,ridge,19
rng_garman_klass_21,0.00814356750544347,ridge,19
px_ret_std_10,0.00801587951999097,ridge,19
vol_log1p_volume,0.007746090604431959,ridge,19
px_ret_mean_10,0.007443140916680263,ridge,19
px_ret_10,0.00744314091668026,ridge,19
xa_market_ret_mean_5,0.0072150342914132784,ridge,19
tech_macd_signal_norm,0.006845833630860091,ridge,19
rng_parkinson_21,0.00680816339967824,ridge,19
px_ret_std_63,0.006722164292266185,ridge,19
tech_stoch_k_14,0.006634662520331719,ridge,19
rng_parkinson_5,0.006581602498879312,ridge,19
xa_excess_ret_lag1,0.0064997860039900275,ridge,19
px_dist_min_21,0.00638289365301882,ridge,19
tech_obv_zscore_21,0.00633669872057588,ridge,19
cal_moy_cos,0.005666971690640474,ridge,19
xa_ref_ret_mean_5,0.005538294671301468,ridge,19
xa_corr_ref_90,0.005518027662934954,ridge,19
px_ret_mean_63,0.004734445546386125,ridge,19
px_cumret_7,0.004352316999825951,ridge,19
px_dist_max_63,0.0041534772644790585,ridge,19
tech_bb_pos_20,0.003555081447219344,ridge,19
aux_adractcnt_chg_7,0.003211541548531267,ridge,19
px_ret_std_21,0.0032091821380406346,ridge,19
xa_rank_ret_lag1,0.0016503441132751102,ridge,19
tech_rsi_14,0.001437876316393592,ridge,19
vol_taker_buy_ratio_dev,0.0014260302078199975,ridge,19
vol_taker_buy_ratio,0.0014260302078199668,ridge,19
aux_txcnt_chg_7,0.0010186078359323903,ridge,19
vol_log1p_quote_volume,0.000498309454758948,ridge,19
vol_trades_zscore_21,0.00020095632921563651,ridge,19
vol_qv_median_ratio_63,0.00011807826269231587,ridge,19
rng_close_position,0.06701704275507002,ridge,20
px_ret_1,0.056137344050829145,ridge,20
aux_fng,0.048296092562310364,ridge,20
cal_is_weekend,0.03973136178644147,ridge,20
xa_ref_ret_lag2,0.03849409638292331,ridge,20
cal_dom_cos,0.03516543571486217,ridge,20
cal_dow_cos,0.030836942067082672,ridge,20
rng_tr_norm,0.030077270328180514,ridge,20
rng_intraday,0.028175002044030076,ridge,20
px_ret_skew_21,0.02797738698700369,ridge,20
cal_dow_sin,0.027376728540831095,ridge,20
xa_rel_strength_7,0.026500893672853014,ridge,20
vol_taker_buy_ratio_mean_7,0.025874540623839034,ridge,20
aux_splycur_chg_7,0.025403478417185182,ridge,20
px_ret_mean_21,0.02251618142166322,ridge,20
px_ret_21,0.022516181421663208,ridge,20
xa_market_dispersion,0.021986027913610134,ridge,20
cal_dom_sin,0.020909547953443183,ridge,20
px_ret_kurt_63,0.020683825354493646,ridge,20
xa_ref_ret_lag1,0.020368982643744392,ridge,20
xa_market_ret_lag1,0.02021244657096217,ridge,20
px_ret_kurt_21,0.019798692871152476,ridge,20
aux_splycur_z63,0.017488289518540708,ridge,20
aux_txcnt_z63,0.017233756421293926,ridge,20
rng_garman_klass_5,0.016846181507156253,ridge,20
rng_atr_14_norm,0.015778852612260554,ridge,20
tech_macd_hist_norm,0.015260248145675774,ridge,20
px_dist_max_21,0.015084459930100014,ridge,20
tech_stoch_d_14,0.014309860870698148,ridge,20
vol_zscore_21,0.013775745308584305,ridge,20
px_cumret_90,0.013738715406312925,ridge,20
px_cumret_30,0.013614943926989784,ridge,20
aux_fng_z_63,0.01295515086332124,ridge,20
px_ret_2,0.012536970265814013,ridge,20
px_ret_skew_63,0.01252548903898185,ridge,20
cal_moy_sin,0.012416769830891641,ridge,20
rng_parkinson_5,0.012221727722426237,ridge,20
rng_cc_parkinson_ratio_21,0.01216366607636419,ridge,20
xa_ref_vol_21,0.01179465608331411,ridge,20
aux_fng_chg_7,0.011457239198344949,ridge,20
xa_rel_strength_30,0.011154420685922647,ridge,20
aux_adractcnt_z63,0.010948921848781204,ridge,20
vol_ret_corr_21,0.010424363645752981,ridge,20
xa_market_ret_mean_5,0.010296977611146858,ridge,20
xa_corr_ref_30,0.010010691924633231,ridge,20
tech_macd_line_norm,0.009257456533345221,ridge,20
px_ret_5,0.009252029746553609,ridge,20
px_ret_mean_5,0.009252029746553609,ridge,20
cal_moy_cos,0.009086016723160926,ridge,20
tech_stoch_k_14,0.00866467902018764,ridge,20
aux_adractcnt_chg_7,0.008533988656810302,ridge,20
px_dist_min_63,0.008369630816493055,ridge,20
vol_log1p_volume,0.00788266647135569,ridge,20
px_ret_3,0.007868417208974571,ridge,20
px_ret_std_10,0.007634582302611707,ridge,20
rng_garman_klass_21,0.007532386405528017,ridge,20
tech_rsi_14,0.007038385200950217,ridge,20
tech_macd_signal_norm,0.006859402179517398,ridge,20
rng_parkinson_21,0.006496483188962569,ridge,20
px_ret_std_63,0.006419797183350821,ridge,20
xa_corr_ref_90,0.0058336666815303985,ridge,20
px_ret_std_5,0.005152210818899898,ridge,20
px_ret_10,0.004984323295423755,ridge,20
px_ret_mean_10,0.004984323295423722,ridge,20
tech_bb_pos_20,0.004982811225742434,ridge,20
xa_excess_ret_lag1,0.0043224762541149726,ridge,20
px_dist_max_63,0.004308093711992789,ridge,20
xa_ref_ret_mean_5,0.004014758866811924,ridge,20
px_ret_mean_63,0.003927335610245386,ridge,20
tech_obv_zscore_21,0.0038730751273962608,ridge,20
px_ret_std_21,0.003691855880865994,ridge,20
px_cumret_7,0.003407875375111691,ridge,20
px_dist_min_21,0.003206975520917318,ridge,20
vol_qv_median_ratio_63,0.001636080292009935,ridge,20
aux_txcnt_chg_7,0.0013939115206134047,ridge,20
vol_log1p_quote_volume,0.00119472945848033,ridge,20
vol_trades_zscore_21,0.000887031844513247,ridge,20
vol_taker_buy_ratio,0.0005898173105642233,ridge,20
vol_taker_buy_ratio_dev,0.0005898173105642109,ridge,20
xa_rank_ret_lag1,0.0003645203922317118,ridge,20
rng_close_position,0.0743734098140532,ridge,21
px_ret_1,0.052551167766284684,ridge,21
aux_fng,0.046501896707920216,ridge,21
cal_is_weekend,0.04648860876841588,ridge,21
xa_ref_ret_lag2,0.033966782998560124,ridge,21
cal_dom_cos,0.032256637243526134,ridge,21
cal_dow_sin,0.03207530311243688,ridge,21
aux_splycur_z63,0.028981775798010794,ridge,21
cal_dow_cos,0.028268420745540333,ridge,21
px_ret_skew_21,0.027722365585506913,ridge,21
vol_taker_buy_ratio_mean_7,0.026090956053679962,ridge,21
xa_rel_strength_7,0.02588664494139387,ridge,21
rng_tr_norm,0.025827179121749415,ridge,21
cal_dom_sin,0.025080458109799364,ridge,21
xa_market_dispersion,0.024253305879007363,ridge,21
rng_intraday,0.024036805332177575,ridge,21
px_ret_21,0.022992482270529933,ridge,21
px_ret_mean_21,0.022992482270529933,ridge,21
aux_splycur_chg_7,0.022662125963114968,ridge,21
rng_atr_14_norm,0.01757454124182036,ridge,21
xa_market_ret_lag1,0.017556587318658296,ridge,21
xa_ref_ret_lag1,0.017488140210631685,ridge,21
cal_moy_sin,0.017341994678595183,ridge,21
tech_macd_hist_norm,0.01678956218076917,ridge,21
px_cumret_30,0.016132981830079586,ridge,21
xa_ref_vol_21,0.016003271320775007,ridge,21
vol_zscore_21,0.015833906353910552,ridge,21
cal_moy_cos,0.015781421902728247,ridge,21
px_cumret_90,0.015684225965801688,ridge,21
rng_garman_klass_5,0.015560364968126038,ridge,21
aux_adractcnt_z63,0.01529897573584039,ridge,21
aux_txcnt_z63,0.015241653221942018,ridge,21
vol_ret_corr_21,0.014582565767453282,ridge,21
px_dist_max_21,0.014569947493246135,ridge,21
px_ret_kurt_21,0.014106900509251322,ridge,21
tech_stoch_d_14,0.01330340644987642,ridge,21
aux_fng_chg_7,0.01268452962858083,ridge,21
px_ret_kurt_63,0.012145971016173688,ridge,21
rng_parkinson_5,0.011624823529232168,ridge,21
xa_market_ret_mean_5,0.011269660501138,ridge,21
px_ret_2,0.010933764654592733,ridge,21
xa_corr_ref_30,0.010554036321544096,ridge,21
xa_rel_strength_30,0.009362016811764138,ridge,21
tech_stoch_k_14,0.00923840424142963,ridge,21
px_ret_mean_5,0.009179378538624411,ridge,21
px_ret_5,0.009179378538624402,ridge,21
xa_corr_ref_90,0.009092041413424049,ridge,21
px_ret_std_10,0.008957477390379786,ridge,21
tech_macd_line_norm,0.00871035766810083,ridge,21
px_dist_min_63,0.008369937883288247,ridge,21
px_ret_3,0.007836026037691348,ridge,21
px_ret_std_63,0.007754447095985081,ridge,21
tech_rsi_14,0.007009185079809884,ridge,21
aux_fng_z_63,0.006700397779833111,ridge,21
vol_log1p_volume,0.006692071032746941,ridge,21
rng_garman_klass_21,0.006417854359601701,ridge,21
tech_macd_signal_norm,0.006062567706865925,ridge,21
px_ret_10,0.00597370589047837,ridge,21
px_ret_mean_10,0.0059737058904783605,ridge,21
rng_cc_parkinson_ratio_21,0.005598212105336352,ridge,21
tech_bb_pos_20,0.005451376682226029,ridge,21
rng_parkinson_21,0.005442279635943098,ridge,21
px_ret_std_5,0.004946238347962434,ridge,21
aux_adractcnt_chg_7,0.004817899244395532,ridge,21
tech_obv_zscore_21,0.004176257050232357,ridge,21
xa_ref_ret_mean_5,0.003908607040895859,ridge,21
px_cumret_7,0.0036540407376909594,ridge,21
xa_excess_ret_lag1,0.0035773452692786215,ridge,21
px_ret_std_21,0.00313292896995904,ridge,21
px_dist_max_63,0.0030185840272329775,ridge,21
vol_taker_buy_ratio,0.002986003170923879,ridge,21
vol_taker_buy_ratio_dev,0.002986003170923826,ridge,21
px_ret_mean_63,0.0026952441424522382,ridge,21
aux_txcnt_chg_7,0.002519990602689653,ridge,21
vol_qv_median_ratio_63,0.002174461891230905,ridge,21
xa_rank_ret_lag1,0.0013604659624543915,ridge,21
px_ret_skew_63,0.0009626660845212564,ridge,21
px_dist_min_21,0.0006347200001688294,ridge,21
vol_log1p_quote_volume,0.0005578889962449966,ridge,21
vol_trades_zscore_21,0.0005173753506837735,ridge,21
rng_close_position,0.07681748105274114,ridge,22
px_ret_1,0.052415959843555605,ridge,22
aux_fng,0.048811071170789866,ridge,22
cal_is_weekend,0.04657849000645097,ridge,22
cal_dom_cos,0.03565009439233512,ridge,22
xa_ref_ret_lag2,0.03364575088134247,ridge,22
cal_dow_sin,0.03261532300073894,ridge,22
cal_dow_cos,0.0324937732639811,ridge,22
cal_dom_sin,0.029996980233484235,ridge,22
vol_taker_buy_ratio_mean_7,0.028707520077376956,ridge,22
aux_splycur_chg_7,0.027455546192697577,ridge,22
px_ret_skew_21,0.027010768183652226,ridge,22
aux_splycur_z63,0.025968650217182296,ridge,22
px_ret_mean_21,0.024000835423915765,ridge,22
px_ret_21,0.02400083542391575,ridge,22
xa_rel_strength_7,0.02338612185077041,ridge,22
rng_tr_norm,0.022719270934801465,ridge,22
rng_intraday,0.0207545847604181,ridge,22
tech_macd_hist_norm,0.019337509256432846,ridge,22
xa_ref_ret_lag1,0.01924082235428447,ridge,22
aux_txcnt_z63,0.01912321975488366,ridge,22
xa_market_dispersion,0.018376557673135965,ridge,22
cal_moy_cos,0.018337177840213974,ridge,22
rng_atr_14_norm,0.0176151901287278,ridge,22
xa_ref_vol_21,0.01687844964067994,ridge,22
vol_zscore_21,0.0161332346491162,ridge,22
px_dist_max_21,0.01580093435152426,ridge,22
xa_market_ret_lag1,0.015457367931095143,ridge,22
rng_garman_klass_5,0.014819689207586471,ridge,22
px_cumret_90,0.01453383408542992,ridge,22
tech_stoch_d_14,0.014301569769279434,ridge,22
aux_fng_chg_7,0.014258947954048671,ridge,22
px_cumret_30,0.014111094890561646,ridge,22
vol_ret_corr_21,0.01326817007596732,ridge,22
xa_corr_ref_30,0.0130978369359485,ridge,22
px_ret_kurt_63,0.012355815437484792,ridge,22
px_ret_mean_5,0.01211431071562194,ridge,22
px_ret_5,0.012114310715621931,ridge,22
px_ret_2,0.012015110454056566,ridge,22
rng_parkinson_5,0.011725524698867727,ridge,22
aux_adractcnt_z63,0.010969400130577553,ridge,22
xa_market_ret_mean_5,0.01089030409400803,ridge,22
xa_rel_strength_30,0.010458998426078708,ridge,22
px_ret_kurt_21,0.00981879675095421,ridge,22
tech_macd_line_norm,0.00964129437121778,ridge,22
cal_moy_sin,0.009526042578924561,ridge,22
px_ret_3,0.009417622074403687,ridge,22
px_ret_std_10,0.008965922366158187,ridge,22
xa_corr_ref_90,0.008753755844498065,ridge,22
tech_stoch_k_14,0.008546698540280164,ridge,22
tech_obv_zscore_21,0.007983552652314785,ridge,22
px_dist_min_63,0.0073704971221712715,ridge,22
aux_adractcnt_chg_7,0.007366971987455513,ridge,22
rng_garman_klass_21,0.0066572247706510644,ridge,22
tech_macd_signal_norm,0.0062703624822576885,ridge,22
vol_log1p_volume,0.005995358427569705,ridge,22
tech_rsi_14,0.005969061529243017,ridge,22
rng_parkinson_21,0.0054854116767084835,ridge,22
px_ret_skew_63,0.004937759265307876,ridge,22
tech_bb_pos_20,0.004587574546414296,ridge,22
rng_cc_parkinson_ratio_21,0.004521395882801192,ridge,22
vol_qv_median_ratio_63,0.004426390967955937,ridge,22
px_ret_mean_63,0.004177148444034076,ridge,22
px_ret_std_5,0.004170997232064709,ridge,22
px_cumret_7,0.003936406509462205,ridge,22
px_ret_std_63,0.003873522013496232,ridge,22
xa_ref_ret_mean_5,0.0038673152090928534,ridge,22
aux_txcnt_chg_7,0.003800468163943441,ridge,22
px_ret_10,0.0034344101069804216,ridge,22
px_ret_mean_10,0.0034344101069804112,ridge,22
xa_excess_ret_lag1,0.0034311342747948294,ridge,22
px_dist_max_63,0.00338862256392686,ridge,22
xa_rank_ret_lag1,0.002924042784697195,ridge,22
px_ret_std_21,0.0025858456981247254,ridge,22
vol_taker_buy_ratio_dev,0.0024330374382583457,ridge,22
vol_taker_buy_ratio,0.0024330374382583388,ridge,22
vol_trades_zscore_21,0.0021029735066072845,ridge,22
px_dist_min_21,0.002020055061656266,ridge,22
vol_log1p_quote_volume,0.0009547127584609144,ridge,22
aux_fng_z_63,0.00025384177164437707,ridge,22
rng_close_position,0.07610699416482845,ridge,23
aux_fng,0.0544782718626742,ridge,23
px_ret_1,0.05053090349169824,ridge,23
cal_is_weekend,0.04245982256742108,ridge,23
cal_dom_cos,0.0373825744932052,ridge,23
xa_ref_ret_lag2,0.03580630868431832,ridge,23
cal_dow_sin,0.03163005558681738,ridge,23
aux_splycur_chg_7,0.030776633101819353,ridge,23
cal_dow_cos,0.0289621837357167,ridge,23
cal_dom_sin,0.02607664559843561,ridge,23
cal_moy_cos,0.024962501468571482,ridge,23
xa_ref_ret_lag1,0.024732467254408547,ridge,23
rng_tr_norm,0.024522479241260962,ridge,23
px_ret_skew_21,0.024082347768657274,ridge,23
px_ret_21,0.02343281220914775,ridge,23
px_ret_mean_21,0.023432812209147745,ridge,23
aux_splycur_z63,0.02337935825641493,ridge,23
rng_intraday,0.022633466164559194,ridge,23
xa_rel_strength_7,0.022088577505407197,ridge,23
vol_taker_buy_ratio_mean_7,0.02192790406144766,ridge,23
tech_macd_hist_norm,0.020906859531364442,ridge,23
aux_fng_chg_7,0.0193309491257294,ridge,23
vol_zscore_21,0.01901141761748942,ridge,23
rng_garman_klass_5,0.017591317372222377,ridge,23
xa_corr_ref_30,0.017512336965238427,ridge,23
cal_moy_sin,0.01707120332790387,ridge,23
xa_ref_vol_21,0.015492860875039793,ridge,23
px_dist_max_21,0.015475975242046027,ridge,23
rng_atr_14_norm,0.015456769739044609,ridge,23
xa_market_dispersion,0.015269986205457914,ridge,23
xa_market_ret_lag1,0.014844370580218034,ridge,23
px_cumret_90,0.014424968220676659,ridge,23
tech_stoch_d_14,0.013779454702570392,ridge,23
xa_market_ret_mean_5,0.013482960846783538,ridge,23
aux_txcnt_z63,0.013262459597299596,ridge,23
rng_parkinson_5,0.01322573629111678,ridge,23
aux_adractcnt_chg_7,0.013036242014004499,ridge,23
vol_ret_corr_21,0.012501991758229036,ridge,23
px_cumret_30,0.012129960172472184,ridge,23
px_ret_mean_5,0.012049210133711253,ridge,23
px_ret_5,0.012049210133711246,ridge,23
px_ret_kurt_63,0.011825844263478087,ridge,23
px_ret_kurt_21,0.011600731530629642,ridge,23
px_ret_2,0.011242555655233301,ridge,23
px_ret_std_10,0.010890232712812795,ridge,23
tech_macd_line_norm,0.010465227740751681,ridge,23
px_dist_min_63,0.010082050422544658,ridge,23
aux_adractcnt_z63,0.009783181165794045,ridge,23
tech_obv_zscore_21,0.008526710829602635,ridge,23
xa_rel_strength_30,0.008521864082250868,ridge,23
px_ret_3,0.008300242462167297,ridge,23
rng_garman_klass_21,0.008277944178301206,ridge,23
tech_stoch_k_14,0.007275612193373212,ridge,23
rng_parkinson_21,0.006936794150956404,ridge,23
tech_macd_signal_norm,0.006770895991471277,ridge,23
vol_qv_median_ratio_63,0.006185388234076367,ridge,23
vol_log1p_volume,0.005836430444069457,ridge,23
aux_txcnt_chg_7,0.005745595249939535,ridge,23
px_ret_10,0.00562439423589957,ridge,23
px_ret_mean_10,0.005624394235899547,ridge,23
rng_cc_parkinson_ratio_21,0.005293367163662609,ridge,23
tech_bb_pos_20,0.005130830759171928,ridge,23
px_cumret_7,0.004431459317342502,ridge,23
px_dist_max_63,0.004338466079859974,ridge,23
px_ret_mean_63,0.0036796727497053544,ridge,23
px_ret_std_21,0.003376422516818866,ridge,23
xa_rank_ret_lag1,0.0033753901449844266,ridge,23
xa_corr_ref_90,0.003291972498880988,ridge,23
px_ret_std_5,0.0029971958077055784,ridge,23
vol_taker_buy_ratio,0.0029460179595871,ridge,23
vol_taker_buy_ratio_dev,0.0029460179595870734,ridge,23
xa_excess_ret_lag1,0.0028958619464149586,ridge,23
xa_ref_ret_mean_5,0.002720417628032872,ridge,23
px_dist_min_21,0.002704331626624721,ridge,23
px_ret_std_63,0.0023845561019262274,ridge,23
aux_fng_z_63,0.0020936372699860316,ridge,23
tech_rsi_14,0.0017842467396666276,ridge,23
px_ret_skew_63,0.0010686106734150522,ridge,23
vol_log1p_quote_volume,0.0009988855813336194,ridge,23
vol_trades_zscore_21,3.8730049045047215e-05,ridge,23
rng_close_position,0.07933066697845118,ridge,24
aux_fng,0.05217092004438025,ridge,24
px_ret_1,0.05169797032556364,ridge,24
cal_dom_cos,0.04060154303931662,ridge,24
xa_ref_ret_lag2,0.039492251050072674,ridge,24
cal_dow_cos,0.03463318310131369,ridge,24
cal_is_weekend,0.03190534120709789,ridge,24
aux_splycur_chg_7,0.030418651075709548,ridge,24
cal_dow_sin,0.028583054163204072,ridge,24
aux_splycur_z63,0.0276341796056304,ridge,24
px_ret_skew_21,0.02660884672346455,ridge,24
cal_moy_cos,0.025206649155072296,ridge,24
rng_tr_norm,0.02483775707927366,ridge,24
px_ret_mean_21,0.023979261375132198,ridge,24
px_ret_21,0.023979261375132198,ridge,24
cal_dom_sin,0.02358617954907782,ridge,24
vol_taker_buy_ratio_mean_7,0.023147596557814624,ridge,24
rng_intraday,0.02268173529378156,ridge,24
xa_rel_strength_7,0.02149492062983385,ridge,24
xa_ref_ret_lag1,0.021080573792915894,ridge,24
xa_market_dispersion,0.01901085294202152,ridge,24
tech_macd_hist_norm,0.018801720263076596,ridge,24
xa_corr_ref_30,0.018272661817513938,ridge,24
vol_zscore_21,0.01753315433965519,ridge,24
xa_market_ret_lag1,0.017455334017219656,ridge,24
vol_ret_corr_21,0.017159963633158828,ridge,24
px_cumret_30,0.016736910678073508,ridge,24
xa_ref_vol_21,0.016635456683565683,ridge,24
cal_moy_sin,0.01605805343840213,ridge,24
aux_fng_chg_7,0.015691226416961673,ridge,24
px_dist_max_21,0.014798373048958596,ridge,24
px_cumret_90,0.01460878037990718,ridge,24
rng_garman_klass_5,0.014500669957969838,ridge,24
rng_atr_14_norm,0.013872538388607848,ridge,24
px_ret_5,0.013265771643283538,ridge,24
px_ret_mean_5,0.013265771643283533,ridge,24
tech_stoch_k_14,0.012500996580974144,ridge,24
px_dist_min_63,0.012383664334316976,ridge,24
px_ret_kurt_21,0.011811459234221498,ridge,24
aux_txcnt_chg_7,0.011746275028476923,ridge,24
xa_market_ret_mean_5,0.011625953220117443,ridge,24
rng_parkinson_5,0.01133574229634723,ridge,24
aux_txcnt_z63,0.011334126906442607,ridge,24
tech_stoch_d_14,0.011147659583143742,ridge,24
aux_adractcnt_z63,0.01101701600083243,ridge,24
px_ret_kurt_63,0.010604558463268068,ridge,24
px_ret_2,0.01057640437652604,ridge,24
aux_adractcnt_chg_7,0.008849914011869324,ridge,24
tech_macd_line_norm,0.00869448328433403,ridge,24
px_ret_3,0.00835420482940744,ridge,24
px_ret_std_10,0.007911474739546348,ridge,24
xa_rel_strength_30,0.007886002504948518,ridge,24
rng_garman_klass_21,0.007615823002747969,ridge,24
tech_obv_zscore_21,0.007532990711280787,ridge,24
px_ret_10,0.007339205240806305,ridge,24
px_ret_mean_10,0.007339205240806289,ridge,24
vol_log1p_volume,0.006752532708031785,ridge,24
rng_parkinson_21,0.0063276696568897945,ridge,24
tech_macd_signal_norm,0.00571827008417399,ridge,24
tech_bb_pos_20,0.005430899617489954,ridge,24
px_cumret_7,0.005269252605008801,ridge,24
px_dist_max_63,0.005059726479375999,ridge,24
rng_cc_parkinson_ratio_21,0.004893258663370629,ridge,24
xa_corr_ref_90,0.004840698578979681,ridge,24
xa_excess_ret_lag1,0.004493799767440633,ridge,24
aux_fng_z_63,0.00392189770649337,ridge,24
px_dist_min_21,0.003897604838797527,ridge,24
vol_qv_median_ratio_63,0.0035513750556818106,ridge,24
px_ret_std_21,0.003224303070405208,ridge,24
vol_taker_buy_ratio_dev,0.003080170525212607,ridge,24
vol_taker_buy_ratio,0.0030801705252125763,ridge,24
px_ret_std_5,0.0026895534792793713,ridge,24
px_ret_mean_63,0.0018257570616929694,ridge,24
tech_rsi_14,0.0017112852383962159,ridge,24
xa_ref_ret_mean_5,0.0016559025928281354,ridge,24
vol_trades_zscore_21,0.0016255157092440857,ridge,24
px_ret_std_63,0.00046803361186147004,ridge,24
px_ret_skew_63,0.00041769866425516616,ridge,24
vol_log1p_quote_volume,9.488962953960796e-05,ridge,24
xa_rank_ret_lag1,3.1349739359338945e-05,ridge,24
rng_close_position,0.08132184140037824,ridge,25
px_ret_1,0.052014329001885386,ridge,25
aux_fng,0.04049505862426744,ridge,25
cal_dom_cos,0.03808380964850368,ridge,25
xa_ref_ret_lag2,0.0380681402765691,ridge,25
cal_dow_cos,0.037677482098562635,ridge,25
cal_dow_sin,0.03763072141576569,ridge,25
cal_is_weekend,0.033451906805218985,ridge,25
aux_splycur_chg_7,0.02873803360086513,ridge,25
vol_taker_buy_ratio_mean_7,0.026495591804643746,ridge,25
aux_splycur_z63,0.026029734927349415,ridge,25
cal_moy_cos,0.025624633522269902,ridge,25
rng_tr_norm,0.024503375484895205,ridge,25
px_ret_mean_21,0.022878886019098228,ridge,25
px_ret_21,0.02287888601909822,ridge,25
rng_intraday,0.022555821567992195,ridge,25
xa_ref_ret_lag1,0.022348612876519368,ridge,25
vol_ret_corr_21,0.0204503294416846,ridge,25
px_ret_skew_21,0.02019734882063179,ridge,25
xa_corr_ref_30,0.019896860237334616,ridge,25
xa_rel_strength_7,0.019247902039904098,ridge,25
cal_dom_sin,0.01774202263498079,ridge,25
vol_zscore_21,0.01772852360930554,ridge,25
tech_macd_hist_norm,0.017448896520481188,ridge,25
px_cumret_30,0.017294723156133028,ridge,25
xa_market_dispersion,0.016419477094594605,ridge,25
rng_atr_14_norm,0.01619680902230717,ridge,25
tech_obv_zscore_21,0.014794619702133844,ridge,25
xa_ref_vol_21,0.014614150460596602,ridge,25
px_cumret_90,0.013823237115951008,ridge,25
tech_stoch_k_14,0.013512117730445989,ridge,25
px_dist_min_63,0.01320222459616002,ridge,25
aux_fng_z_63,0.013087931155833989,ridge,25
px_dist_max_21,0.012987891328084675,ridge,25
px_ret_2,0.01288500637833221,ridge,25
rng_garman_klass_5,0.012540205701709039,ridge,25
xa_market_ret_lag1,0.01224611160998794,ridge,25
tech_stoch_d_14,0.012048975299881363,ridge,25
aux_fng_chg_7,0.011791534516691553,ridge,25
px_ret_mean_5,0.011680404138055408,ridge,25
px_ret_5,0.011680404138055402,ridge,25
cal_moy_sin,0.010955866622013274,ridge,25
px_ret_kurt_63,0.0104720541376634,ridge,25
aux_txcnt_chg_7,0.01013960523081371,ridge,25
rng_parkinson_5,0.009894744382251455,ridge,25
xa_market_ret_mean_5,0.009692937059551618,ridge,25
aux_adractcnt_z63,0.00943218308861951,ridge,25
xa_corr_ref_90,0.008971621421332917,ridge,25
aux_txcnt_z63,0.008577836267061954,ridge,25
px_ret_3,0.008374083963534666,ridge,25
aux_adractcnt_chg_7,0.008358992425917639,ridge,25
px_ret_mean_10,0.008305295408826548,ridge,25
px_ret_10,0.008305295408826515,ridge,25
tech_macd_line_norm,0.008281851259379247,ridge,25
tech_bb_pos_20,0.0071783267879237155,ridge,25
rng_garman_klass_21,0.006887817353281716,ridge,25
xa_rel_strength_30,0.006835895965933544,ridge,25
px_dist_max_63,0.006128236089811221,ridge,25
tech_macd_signal_norm,0.005944441838569995,ridge,25
px_ret_kurt_21,0.0058306005932500645,ridge,25
px_ret_std_10,0.005748037226318482,ridge,25
px_dist_min_21,0.005637578433007831,ridge,25
rng_parkinson_21,0.0055203016685539215,ridge,25
vol_taker_buy_ratio_dev,0.004523073312901588,ridge,25
vol_taker_buy_ratio,0.004523073312901556,ridge,25
px_ret_mean_63,0.004422691769918176,ridge,25
vol_qv_median_ratio_63,0.004393498324667199,ridge,25
xa_excess_ret_lag1,0.004338633382673663,ridge,25
px_ret_std_63,0.004291838249998877,ridge,25
vol_log1p_volume,0.00372485093471602,ridge,25
px_ret_std_5,0.003600118279663621,ridge,25
xa_rank_ret_lag1,0.0028536097568143985,ridge,25
vol_trades_zscore_21,0.002712446090833524,ridge,25
px_ret_skew_63,0.0025157799477066164,ridge,25
px_cumret_7,0.00243426334472594,ridge,25
px_ret_std_21,0.0019224550288917078,ridge,25
xa_ref_ret_mean_5,0.0005541964367295443,ridge,25
rng_cc_parkinson_ratio_21,0.0004415930798035655,ridge,25
vol_log1p_quote_volume,0.00016003186476470365,ridge,25
tech_rsi_14,0.0001084093366578018,ridge,25
rng_close_position,0.07405910686308663,ridge,26
px_ret_1,0.051941238624300744,ridge,26
cal_dow_cos,0.04080924556233388,ridge,26
cal_is_weekend,0.03754865847717751,ridge,26
cal_dow_sin,0.035404033134187794,ridge,26
xa_ref_ret_lag2,0.03485383693229106,ridge,26
aux_fng,0.032851751572381724,ridge,26
cal_moy_cos,0.030433128551022304,ridge,26
px_ret_21,0.027324398076036916,ridge,26
px_ret_mean_21,0.02732439807603691,ridge,26
aux_splycur_chg_7,0.027292700755145772,ridge,26
xa_ref_ret_lag1,0.025773269612136534,ridge,26
vol_taker_buy_ratio_mean_7,0.025437775497494094,ridge,26
aux_splycur_z63,0.024045898085704114,ridge,26
rng_tr_norm,0.02385611987629547,ridge,26
cal_dom_cos,0.023716075972351765,ridge,26
rng_intraday,0.0216584892104042,ridge,26
xa_corr_ref_30,0.021583188016425187,ridge,26
px_ret_skew_21,0.021070583751988285,ridge,26
vol_ret_corr_21,0.020080827492668162,ridge,26
tech_obv_zscore_21,0.019353376109014383,ridge,26
px_cumret_30,0.018786980453739034,ridge,26
tech_macd_hist_norm,0.01867537977423174,ridge,26
xa_rel_strength_7,0.017538195202998336,ridge,26
vol_zscore_21,0.017510051855128907,ridge,26
xa_market_dispersion,0.017488988662548426,ridge,26
aux_fng_chg_7,0.01713715303899351,ridge,26
rng_atr_14_norm,0.016852753116399312,ridge,26
xa_ref_vol_21,0.016555239019791,ridge,26
aux_fng_z_63,0.016493321878743947,ridge,26
aux_adractcnt_chg_7,0.015425363287608134,ridge,26
xa_market_ret_lag1,0.015124005385313844,ridge,26
px_dist_min_63,0.013810319508526854,ridge,26
tech_stoch_k_14,0.013772133136902204,ridge,26
cal_dom_sin,0.013625855237025359,ridge,26
px_dist_max_21,0.013614972894216417,ridge,26
px_cumret_90,0.013611407737612241,ridge,26
px_ret_kurt_63,0.012423709809994455,ridge,26
rng_garman_klass_5,0.011954447037033664,ridge,26
aux_adractcnt_z63,0.01179330998226343,ridge,26
aux_txcnt_z63,0.011314963898543027,ridge,26
px_ret_2,0.01106808588624317,ridge,26
xa_corr_ref_90,0.010987001984063605,ridge,26
px_ret_mean_5,0.010794912621393527,ridge,26
px_ret_5,0.010794912621393498,ridge,26
rng_parkinson_5,0.009911550263246688,ridge,26
px_ret_3,0.009596810142310718,ridge,26
aux_txcnt_chg_7,0.009521603303271287,ridge,26
vol_qv_median_ratio_63,0.009408714679072725,ridge,26
cal_moy_sin,0.00932505592997817,ridge,26
xa_market_ret_mean_5,0.009268587750047389,ridge,26
px_ret_std_10,0.008817592547736269,ridge,26
tech_macd_line_norm,0.007871920020219901,ridge,26
tech_stoch_d_14,0.006882104876009033,ridge,26
xa_rel_strength_30,0.00656864032665233,ridge,26
rng_garman_klass_21,0.006299889247199879,ridge,26
px_ret_mean_63,0.006253733904494765,ridge,26
px_ret_skew_63,0.006054115544615696,ridge,26
px_ret_10,0.0056257523908432245,ridge,26
px_ret_mean_10,0.005625752390843183,ridge,26
tech_bb_pos_20,0.005269874989472422,ridge,26
tech_macd_signal_norm,0.005072526428479968,ridge,26
rng_parkinson_21,0.004967197209487122,ridge,26
px_dist_min_21,0.0049167057155960125,ridge,26
xa_excess_ret_lag1,0.004741306057201431,ridge,26
px_ret_std_5,0.004428284488569664,ridge,26
px_dist_max_63,0.00417979310435826,ridge,26
px_ret_std_63,0.003668122325455816,ridge,26
vol_taker_buy_ratio_dev,0.003659038086470333,ridge,26
vol_taker_buy_ratio,0.0036590380864703026,ridge,26
px_ret_kurt_21,0.0035618751690540853,ridge,26
vol_log1p_volume,0.0032541010129896746,ridge,26
px_cumret_7,0.0026945439281939533,ridge,26
rng_cc_parkinson_ratio_21,0.002233618735194642,ridge,26
xa_rank_ret_lag1,0.0022257732910161954,ridge,26
px_ret_std_21,0.00166861471500437,ridge,26
tech_rsi_14,0.0010624913730680253,ridge,26
xa_ref_ret_mean_5,0.0009556316450876246,ridge,26
vol_log1p_quote_volume,0.0007077341373870414,ridge,26
vol_trades_zscore_21,0.0004110585455918301,ridge,26
